age,gender,height_cm,current_weight,bmi,goal,daily_water_ml,weekly_workouts,weekly_workout_duration,weekly_calories_burned,predicted_weight_after_30_days
56,Male,152,53.5,23.2,General Fitness,1076,0,0,0,53.8
46,Female,181,89.6,27.3,Muscle Gain,3343,1,69,478,90.8
32,Male,198,56.9,14.5,Weight Loss,4290,4,456,2008,54.2
60,Female,177,52.6,16.8,Maintenance,4348,1,106,786,51.8
25,Female,191,133.3,36.5,General Fitness,2601,5,185,1630,133.2
38,Male,150,100.5,44.7,Muscle Gain,2671,7,238,3115,101.0
56,Female,188,105.9,30.0,Maintenance,3793,0,0,0,106.2
36,Male,184,80.2,23.7,Weight Loss,2734,3,204,2598,78.3
40,Female,189,130.9,36.6,Maintenance,4337,3,198,2352,131.1
28,Female,163,103.8,39.1,Maintenance,3947,4,136,2552,105.0
28,Female,176,116.9,37.7,Maintenance,3090,1,37,336,116.7
41,Male,171,76.9,26.3,Muscle Gain,2384,2,66,1970,77.3
53,Female,145,136.0,64.7,Muscle Gain,2251,0,0,0,137.4
57,Male,187,122.0,34.9,Maintenance,3274,3,267,2874,121.5
41,Female,196,125.4,32.6,Maintenance,2086,3,249,1044,125.6
20,Male,177,57.2,18.3,Weight Loss,1170,1,51,255,56.8
39,Male,184,67.1,19.8,Maintenance,4010,3,321,2661,68.4
19,Male,176,68.6,22.1,General Fitness,3809,6,288,3330,68.7
41,Female,149,67.1,30.2,General Fitness,3897,7,742,3192,66.4
47,Male,161,125.5,48.4,Weight Loss,4833,1,97,262,123.9
55,Female,152,43.2,18.7,Muscle Gain,3354,0,0,0,45.2
19,Male,186,47.6,13.8,Maintenance,2773,1,51,228,47.7
38,Male,178,67.4,21.3,Weight Loss,3615,3,282,2253,65.2
50,Male,153,60.0,25.6,Muscle Gain,4754,1,40,858,60.6
29,Male,200,63.2,15.8,Weight Loss,4991,3,135,2397,60.6
39,Female,167,119.8,43.0,Muscle Gain,4039,5,485,3835,121.1
42,Male,179,96.3,30.1,Maintenance,3081,4,292,1996,96.2
44,Male,194,40.6,10.8,Weight Loss,1826,3,351,2712,41.0
59,Female,151,82.9,36.4,Maintenance,2665,6,228,4866,83.1
45,Male,159,80.8,32.0,Weight Loss,1129,6,606,2484,78.4
33,Male,197,51.4,13.2,Muscle Gain,2417,6,642,2040,51.7
32,Male,198,107.6,27.4,Weight Loss,2174,6,648,4236,104.8
20,Male,164,110.2,41.0,General Fitness,3702,3,273,2280,110.7
54,Female,194,112.1,29.8,General Fitness,3677,3,345,2094,112.3
24,Female,169,112.8,39.5,Weight Loss,4787,4,176,3304,110.6
38,Male,147,40.0,18.5,General Fitness,2407,5,175,3505,41.6
26,Female,199,135.4,34.2,Maintenance,4818,7,210,6580,134.5
56,Female,190,121.4,33.6,General Fitness,2040,2,98,1926,122.0
35,Male,168,130.4,46.2,General Fitness,1593,3,195,2358,129.7
21,Female,178,41.6,13.1,Maintenance,2037,2,62,780,41.7
42,Male,190,133.4,37.0,Maintenance,3128,0,0,0,134.2
31,Female,166,121.0,43.9,Muscle Gain,4278,5,155,4370,121.7
26,Female,155,123.7,51.5,Maintenance,1203,7,224,5950,123.4
43,Female,192,49.3,13.4,Weight Loss,4450,1,36,248,48.7
19,Male,152,113.9,49.3,General Fitness,2807,2,226,1124,113.9
37,Female,183,136.0,40.6,Muscle Gain,2567,6,558,4956,137.4
45,Male,187,107.9,30.9,Maintenance,1022,5,350,4395,108.6
24,Male,179,97.1,30.3,General Fitness,3661,0,0,0,96.1
25,Female,193,134.6,36.1,Weight Loss,4233,5,350,2380,131.6
52,Male,190,84.3,23.4,Weight Loss,2633,1,34,246,83.7
31,Female,182,99.9,30.2,Muscle Gain,3191,3,354,2910,100.4
34,Male,152,87.6,37.9,Weight Loss,1103,3,333,1245,85.9
53,Male,198,133.3,34.0,General Fitness,2405,6,552,2574,133.4
57,Female,181,47.6,14.5,Maintenance,2478,3,90,2514,47.0
21,Female,171,90.1,30.8,Weight Loss,4488,4,216,2088,87.8
19,Female,172,108.7,36.7,Maintenance,3371,4,440,2480,108.9
23,Female,184,119.2,35.2,General Fitness,2194,4,300,1696,118.9
59,Male,178,98.3,31.0,General Fitness,1575,6,264,5166,97.5
21,Male,176,130.9,42.3,Maintenance,4827,4,392,1944,131.0
46,Male,159,134.2,53.1,General Fitness,2606,0,0,0,134.7
35,Female,188,46.4,13.1,Muscle Gain,1273,7,350,1491,47.5
43,Male,161,80.2,30.9,Weight Loss,1451,6,492,4992,75.1
51,Female,177,42.3,13.5,Muscle Gain,3928,5,420,2870,42.4
27,Male,191,72.9,20.0,Muscle Gain,1124,0,0,0,73.9
53,Female,190,93.7,26.0,Muscle Gain,4454,3,117,1596,94.8
31,Male,196,131.1,34.1,Maintenance,3364,1,110,365,130.9
48,Male,198,124.7,31.8,Maintenance,2866,4,344,2824,124.7
32,Female,160,52.7,20.6,General Fitness,3154,5,470,1580,52.6
25,Male,173,49.3,16.5,Maintenance,2683,1,66,835,49.4
31,Female,153,98.9,42.2,General Fitness,1906,6,216,4590,98.4
40,Male,177,93.2,29.7,Maintenance,4534,6,630,3828,93.3
57,Male,193,66.6,17.9,General Fitness,1429,0,0,0,66.2
38,Female,173,129.9,43.4,Weight Loss,3751,4,316,2624,126.8
33,Female,157,132.7,53.8,General Fitness,4408,6,180,2820,133.0
35,Male,165,80.3,29.5,Weight Loss,4809,0,0,0,79.5
41,Male,165,129.0,47.4,General Fitness,4825,0,0,0,128.7
43,Male,149,78.4,35.3,Maintenance,4567,2,194,624,79.4
42,Male,154,113.7,47.9,Maintenance,4019,5,595,1075,114.5
58,Male,150,87.6,38.9,Weight Loss,1361,0,0,0,87.0
46,Male,200,52.3,13.1,Muscle Gain,1795,3,153,1878,53.4
32,Female,195,132.8,34.9,Muscle Gain,1431,6,180,2004,133.3
18,Female,157,85.4,34.6,General Fitness,3722,0,0,0,85.2
42,Female,145,113.4,53.9,Maintenance,2543,4,128,3852,112.6
24,Male,164,76.7,28.5,Muscle Gain,1858,6,630,2898,78.4
26,Male,191,41.9,11.5,Maintenance,2429,7,350,2079,41.7
41,Male,190,50.1,13.9,Maintenance,4061,7,294,1813,49.7
18,Female,152,89.6,38.8,Maintenance,4448,6,540,2574,90.2
25,Female,154,109.0,46.0,General Fitness,4223,3,126,2526,109.9
41,Male,153,73.5,31.4,Weight Loss,2345,0,0,0,72.2
28,Male,193,109.5,29.4,General Fitness,2630,3,186,1074,109.3
34,Female,185,109.9,32.1,Muscle Gain,4285,0,0,0,110.3
25,Female,147,110.4,51.1,Weight Loss,1575,5,270,3975,107.2
52,Female,155,89.3,37.2,Muscle Gain,2088,3,156,1221,89.9
52,Male,156,131.5,54.0,Weight Loss,1892,1,117,373,130.2
50,Male,154,88.9,37.5,Weight Loss,1269,2,110,1998,86.1
22,Male,169,85.0,29.8,General Fitness,4608,3,99,840,84.9
59,Female,193,59.9,16.1,Maintenance,3019,4,256,868,60.5
56,Female,193,70.8,19.0,Maintenance,2123,7,728,6349,71.5
58,Male,169,44.2,15.5,Weight Loss,4176,2,108,980,42.3
45,Male,155,103.4,43.0,General Fitness,4202,2,98,1118,104.3
24,Female,198,64.9,16.6,Muscle Gain,4460,0,0,0,65.3
26,Male,180,70.4,21.7,Muscle Gain,4392,3,291,1788,71.5
25,Female,183,117.1,35.0,Maintenance,1437,5,260,4825,117.1
29,Female,197,72.7,18.7,Maintenance,2042,6,306,2046,72.3
51,Male,170,64.2,22.2,Muscle Gain,3272,2,182,1752,65.7
50,Female,158,56.9,22.8,Muscle Gain,2641,4,120,2864,57.7
40,Male,183,117.5,35.1,General Fitness,4637,7,616,3150,116.7
41,Female,200,53.0,13.2,Muscle Gain,4037,5,485,4305,53.7
54,Female,184,85.4,25.2,General Fitness,3507,7,336,5173,84.7
52,Male,145,90.7,43.1,Maintenance,3441,7,413,3052,90.8
57,Female,200,108.7,27.2,Muscle Gain,4297,5,150,1655,110.0
39,Male,198,103.3,26.3,Maintenance,3959,4,308,2020,103.8
44,Male,148,121.1,55.3,Weight Loss,2383,6,288,3342,117.8
52,Female,174,44.5,14.7,Weight Loss,2453,4,324,1936,42.7
18,Male,156,69.6,28.6,Weight Loss,4996,0,0,0,67.9
52,Male,200,68.0,17.0,Muscle Gain,1014,7,357,2534,69.1
54,Male,179,54.6,17.0,Maintenance,3607,1,79,618,54.8
31,Male,157,68.9,28.0,Muscle Gain,2674,6,570,5628,70.8
20,Male,196,71.0,18.5,Maintenance,2003,3,105,2001,70.0
18,Male,175,92.2,30.1,General Fitness,4617,2,186,1682,92.2
22,Female,182,106.4,32.1,Muscle Gain,3461,3,150,2307,107.1
43,Male,187,78.1,22.3,Weight Loss,2378,5,240,3530,75.4
31,Female,167,111.9,40.1,General Fitness,2480,2,132,1714,111.8
56,Female,148,73.6,33.6,Maintenance,2745,6,552,4062,73.8
44,Male,196,69.0,18.0,Muscle Gain,4602,0,0,0,69.4
26,Female,160,94.1,36.8,Maintenance,4046,7,623,3577,93.3
32,Female,151,42.4,18.6,Maintenance,4267,7,441,5831,42.1
32,Male,166,48.0,17.4,Muscle Gain,2861,3,90,2709,49.3
43,Male,173,81.8,27.3,Muscle Gain,1114,0,0,0,82.5
59,Male,155,134.3,55.9,Maintenance,4488,0,0,0,134.4
30,Female,200,112.2,28.0,Maintenance,2375,6,300,4884,112.1
49,Female,177,48.8,15.6,General Fitness,1975,3,189,1905,48.0
56,Male,173,124.6,41.6,Weight Loss,4146,3,165,1347,123.2
49,Male,183,113.2,33.8,Maintenance,2685,6,390,1326,113.0
21,Female,156,101.1,41.5,Weight Loss,3083,6,312,4056,98.1
47,Female,151,122.0,53.5,General Fitness,3289,2,220,1542,122.3
54,Female,199,80.4,20.3,Weight Loss,2686,5,380,4745,76.0
40,Female,183,62.2,18.6,Weight Loss,1062,5,525,3550,58.2
56,Male,186,91.2,26.4,General Fitness,3713,6,438,3210,91.6
32,Female,192,94.9,25.7,Maintenance,1508,4,196,3380,95.5
60,Female,170,93.8,32.5,Weight Loss,1187,0,0,0,92.4
46,Female,184,96.5,28.5,Maintenance,3782,7,630,3787,96.8
53,Female,153,134.9,57.6,Maintenance,1092,5,330,2685,134.3
30,Male,185,130.2,38.0,Muscle Gain,1004,1,113,679,132.0
49,Male,178,127.6,40.3,Maintenance,4509,6,486,1446,127.1
24,Female,189,120.1,33.6,Maintenance,4237,6,624,1638,118.5
39,Female,157,134.3,54.5,Weight Loss,4517,2,182,442,133.5
45,Male,199,49.8,12.6,Maintenance,3072,6,570,2514,49.9
19,Male,199,66.5,16.8,Maintenance,3555,2,106,556,67.5
59,Female,180,89.5,27.6,Muscle Gain,1097,4,436,1736,89.5
23,Female,169,124.7,43.7,Muscle Gain,2291,4,164,1424,126.3
45,Male,168,90.5,32.1,Weight Loss,3709,6,270,3156,86.6
45,Male,188,114.8,32.5,Weight Loss,4464,0,0,0,114.6
37,Male,161,53.9,20.8,Muscle Gain,2787,2,62,1614,55.6
47,Male,146,65.2,30.6,Muscle Gain,4667,2,236,1682,66.3
28,Male,157,113.2,45.9,General Fitness,2308,1,91,820,113.3
45,Male,175,56.5,18.4,Maintenance,1683,0,0,0,56.4
42,Female,173,75.1,25.1,Weight Loss,4804,0,0,0,74.6
56,Male,194,66.5,17.7,Weight Loss,2132,5,515,2900,64.0
50,Male,172,75.0,25.4,Maintenance,1026,4,464,876,75.0
18,Male,171,110.8,37.9,Maintenance,2781,5,300,4360,110.3
44,Male,159,76.8,30.4,Weight Loss,3102,7,784,2856,73.8
30,Female,175,95.5,31.2,Muscle Gain,4204,0,0,0,97.4
58,Female,184,50.0,14.8,Muscle Gain,4123,6,504,4758,50.7
20,Male,159,120.5,47.7,Maintenance,4564,1,62,815,120.1
56,Female,177,77.0,24.6,Weight Loss,4836,6,660,5688,73.1
23,Female,164,104.9,39.0,Maintenance,1780,6,486,5826,105.3
25,Female,186,112.5,32.5,Muscle Gain,3345,0,0,0,112.1
44,Female,156,61.0,25.1,General Fitness,4470,5,510,3860,61.3
26,Female,181,128.5,39.2,General Fitness,2614,3,201,711,128.3
54,Female,153,101.6,43.4,Muscle Gain,2041,6,192,1902,102.9
50,Male,167,82.9,29.7,Maintenance,3865,6,498,3534,82.9
59,Male,152,58.2,25.2,General Fitness,2793,3,285,2637,57.7
41,Male,176,134.2,43.3,Muscle Gain,1854,1,47,576,135.9
32,Male,192,115.5,31.3,Weight Loss,2642,4,464,2300,112.5
49,Male,158,60.8,24.4,Maintenance,2932,2,224,1560,61.4
49,Female,171,73.8,25.2,Maintenance,3026,0,0,0,73.0
41,Male,169,121.0,42.4,General Fitness,2987,5,320,4730,121.7
58,Male,157,109.6,44.5,Maintenance,3606,7,791,1687,109.8
29,Female,199,116.6,29.4,General Fitness,2269,4,452,3240,116.8
56,Female,165,84.1,30.9,General Fitness,3550,5,560,3345,84.4
19,Male,189,111.6,31.2,Muscle Gain,2112,4,436,2628,111.9
20,Female,175,78.6,25.7,General Fitness,3250,0,0,0,79.5
54,Female,181,61.1,18.7,Weight Loss,3993,2,178,454,59.7
34,Female,192,103.3,28.0,Maintenance,1239,0,0,0,103.2
19,Female,187,137.6,39.3,General Fitness,1489,2,136,1880,138.2
19,Male,198,71.1,18.1,Maintenance,4851,5,205,4140,70.5
45,Female,149,86.1,38.8,General Fitness,2036,1,82,525,86.7
40,Male,157,107.4,43.6,Muscle Gain,3696,2,186,1416,108.2
54,Male,172,94.2,31.8,Weight Loss,2338,7,231,5726,90.8
49,Female,187,124.3,35.5,Maintenance,3036,4,136,2096,124.0
50,Female,169,116.2,40.7,Muscle Gain,1684,1,45,359,116.4
18,Female,195,45.8,12.0,Maintenance,4813,5,280,3575,46.1
36,Male,179,139.8,43.6,Muscle Gain,4269,3,99,2580,140.0
19,Female,191,115.2,31.6,Weight Loss,3026,1,101,945,113.9
43,Female,183,126.4,37.7,General Fitness,3290,2,154,906,126.4
49,Female,151,105.1,46.1,Muscle Gain,3554,7,259,3129,105.4
23,Female,182,125.6,37.9,Maintenance,4114,1,110,552,124.9
49,Female,176,51.2,16.5,Maintenance,4401,7,525,4179,50.1
21,Male,147,74.8,34.6,Muscle Gain,4862,7,511,5467,75.1
28,Female,189,127.6,35.7,Weight Loss,2614,5,480,2010,125.4
34,Female,183,60.2,18.0,Weight Loss,4500,1,81,501,58.6
55,Female,181,47.8,14.6,General Fitness,4862,5,315,1735,47.9
41,Male,199,118.8,30.0,General Fitness,2767,3,273,1260,119.2
22,Female,194,123.5,32.8,Maintenance,1612,2,100,1794,123.2
51,Male,166,56.3,20.4,Maintenance,1161,6,318,4554,56.2
23,Male,152,125.4,54.3,General Fitness,1655,4,292,1848,124.7
39,Female,161,108.7,41.9,General Fitness,4006,1,70,495,107.6
28,Female,196,92.0,23.9,General Fitness,1620,6,348,3084,91.7
33,Female,171,123.0,42.1,Muscle Gain,4506,0,0,0,123.6
50,Male,177,81.9,26.1,General Fitness,2256,4,340,3532,82.2
26,Male,190,59.4,16.5,Muscle Gain,3158,1,43,230,59.4
23,Male,161,68.5,26.4,Muscle Gain,2951,4,316,3524,68.8
33,Male,186,90.5,26.2,General Fitness,3981,6,642,1458,90.6
46,Male,156,93.1,38.3,Weight Loss,2255,0,0,0,91.9
20,Male,192,120.6,32.7,Weight Loss,2975,4,468,1332,118.0
37,Female,190,119.1,33.0,Maintenance,1749,6,636,3288,119.0
53,Female,171,98.1,33.5,General Fitness,1708,4,120,1672,97.8
36,Male,192,118.1,32.0,Maintenance,3320,0,0,0,118.4
43,Female,152,59.2,25.6,General Fitness,2621,7,371,4921,59.9
20,Female,167,45.0,16.1,Maintenance,3854,0,0,0,45.5
36,Male,186,127.4,36.8,Muscle Gain,1040,0,0,0,127.5
37,Male,193,47.6,12.8,General Fitness,1559,7,693,3248,48.2
49,Female,173,64.7,21.6,Weight Loss,1465,7,735,5054,61.0
24,Male,194,109.5,29.1,General Fitness,4995,3,342,837,109.3
58,Male,164,80.9,30.1,Maintenance,2100,5,160,4100,81.1
50,Female,160,127.6,49.8,Maintenance,2713,5,280,3300,128.4
57,Male,161,69.8,26.9,Maintenance,1489,6,492,4974,69.3
56,Female,160,41.2,16.1,Maintenance,4840,0,0,0,40.3
35,Female,163,70.1,26.4,Maintenance,1116,6,264,1302,70.2
57,Female,200,97.8,24.4,Maintenance,3481,5,340,2275,97.7
18,Female,200,77.6,19.4,Weight Loss,4090,4,132,1776,75.2
28,Female,152,93.5,40.5,Maintenance,4041,0,0,0,93.9
45,Male,182,127.7,38.6,Weight Loss,2594,7,280,5656,123.1
42,Male,182,131.2,39.6,General Fitness,1195,1,41,699,131.3
40,Male,197,66.6,17.2,Muscle Gain,1618,0,0,0,66.7
48,Male,173,86.2,28.8,Weight Loss,2474,7,392,6279,81.5
47,Female,185,94.9,27.7,General Fitness,3472,0,0,0,95.1
59,Female,180,134.9,41.6,Muscle Gain,4465,5,360,1570,135.1
52,Male,170,139.9,48.4,Weight Loss,2307,6,468,5712,135.6
24,Female,175,63.5,20.7,Weight Loss,1033,2,204,1936,61.3
33,Male,188,112.7,31.9,General Fitness,3342,4,288,2584,112.1
43,Male,156,77.8,32.0,Maintenance,4054,7,224,3864,77.2
19,Male,199,40.8,10.3,Weight Loss,2274,7,406,5768,40.8
18,Female,161,40.9,15.8,Weight Loss,4709,7,798,5180,41.0
29,Female,159,86.1,34.1,General Fitness,1338,5,320,2605,86.8
22,Female,153,88.8,37.9,Maintenance,3665,6,462,3948,88.5
54,Female,183,42.3,12.6,Muscle Gain,4511,6,618,2550,43.9
49,Male,186,108.7,31.4,Maintenance,1179,4,464,3820,109.1
26,Female,192,69.4,18.8,Maintenance,1621,6,408,3360,69.4
58,Female,156,96.0,39.4,General Fitness,4299,7,826,5110,95.2
52,Female,176,70.1,22.6,Maintenance,2656,1,53,311,68.8
36,Male,169,56.7,19.9,General Fitness,3666,7,343,2877,56.3
33,Male,183,80.7,24.1,Muscle Gain,1642,3,132,1296,81.2
20,Female,162,63.2,24.1,Weight Loss,3070,2,228,716,62.7
37,Female,159,93.5,37.0,Weight Loss,2680,1,105,771,91.3
41,Female,176,59.9,19.3,General Fitness,2350,1,47,523,59.4
50,Female,150,90.8,40.4,General Fitness,2177,7,623,2044,90.4
41,Male,188,55.7,15.8,Maintenance,1618,4,464,1788,55.8
28,Female,187,107.1,30.6,Maintenance,2169,2,140,1738,106.5
25,Female,196,115.4,30.0,Weight Loss,1251,4,392,1360,113.4
53,Female,179,51.0,15.9,Weight Loss,1301,3,357,1809,48.3
55,Male,178,86.8,27.4,Weight Loss,4141,6,624,5586,82.2
57,Male,182,47.1,14.2,General Fitness,2566,4,160,2412,47.0
37,Female,200,99.8,25.0,Muscle Gain,4164,0,0,0,100.0
52,Female,198,66.4,16.9,Muscle Gain,4720,4,188,3464,67.0
42,Female,149,92.8,41.8,General Fitness,4957,6,246,3678,92.7
52,Female,162,91.7,34.9,Maintenance,3210,0,0,0,92.4
42,Female,160,132.4,51.7,Muscle Gain,4152,1,56,432,133.1
46,Male,152,94.9,41.1,Maintenance,4899,3,138,1176,95.7
35,Male,169,98.3,34.4,Weight Loss,4659,6,684,1788,95.9
35,Male,176,80.2,25.9,Weight Loss,4134,5,300,1560,79.0
19,Female,170,134.9,46.7,Maintenance,1611,0,0,0,135.7
52,Male,196,117.7,30.6,Weight Loss,4507,3,168,2205,115.5
33,Male,166,68.5,24.9,General Fitness,2071,4,464,1920,68.5
58,Male,175,124.4,40.6,Maintenance,3492,5,305,4575,124.1
53,Female,187,83.2,23.8,Maintenance,2943,4,184,2888,83.5
50,Female,154,122.9,51.8,Maintenance,1073,6,240,3294,123.1
21,Male,200,122.3,30.6,Muscle Gain,3873,1,30,515,123.6
50,Female,156,58.9,24.2,Maintenance,2727,6,666,5496,58.9
31,Male,197,110.1,28.4,Maintenance,1541,7,546,4893,109.2
38,Male,172,69.1,23.4,Maintenance,1156,6,420,4416,68.8
37,Male,150,69.7,31.0,Muscle Gain,4558,6,294,5106,71.0
25,Male,164,69.6,25.9,Weight Loss,2289,4,400,3336,66.7
24,Female,149,112.6,50.7,Muscle Gain,1255,0,0,0,113.9
20,Female,167,63.0,22.6,General Fitness,4110,1,45,722,63.2
34,Female,153,40.1,17.1,Maintenance,4126,3,204,2931,41.3
50,Female,173,111.5,37.3,General Fitness,2051,1,74,792,110.5
29,Male,160,57.1,22.3,Muscle Gain,4985,7,651,4501,56.9
39,Female,198,50.4,12.9,Weight Loss,1936,3,228,2460,48.7
39,Male,190,63.8,17.7,Weight Loss,3165,2,104,814,61.4
47,Female,166,78.0,28.3,Maintenance,3417,0,0,0,76.8
55,Female,152,87.6,37.9,Weight Loss,3256,7,546,3325,84.5
55,Female,164,44.5,16.5,Muscle Gain,3634,0,0,0,45.8
25,Male,195,137.1,36.1,Muscle Gain,4648,3,144,2916,138.8
44,Male,158,111.6,44.7,Weight Loss,3896,4,428,1984,109.4
44,Male,183,72.3,21.6,Maintenance,2891,5,480,2865,71.5
51,Male,181,71.9,21.9,Maintenance,4683,4,272,3096,71.9
38,Female,194,84.9,22.6,Muscle Gain,2581,2,236,766,86.3
47,Male,178,102.6,32.4,Weight Loss,1315,3,267,693,101.1
50,Male,155,54.6,22.7,Muscle Gain,4464,2,80,964,55.6
45,Female,198,58.9,15.0,Muscle Gain,3491,3,234,1893,59.0
50,Female,184,125.9,37.2,General Fitness,4739,2,88,1436,125.6
22,Male,177,65.6,20.9,Muscle Gain,2775,3,336,2655,66.2
36,Female,175,78.0,25.5,Maintenance,4936,0,0,0,77.6
21,Male,198,127.1,32.4,Weight Loss,4330,7,504,3969,124.0
52,Female,188,106.3,30.1,Weight Loss,2970,2,88,1714,103.7
34,Male,178,74.2,23.4,General Fitness,4719,2,216,902,74.7
45,Male,194,108.4,28.8,General Fitness,4953,7,756,2555,108.7
47,Male,151,42.0,18.4,Maintenance,2221,3,306,2442,41.9
46,Male,193,113.6,30.5,General Fitness,2722,1,34,904,112.8
23,Male,198,88.7,22.6,Muscle Gain,3675,1,112,728,90.8
52,Female,167,121.3,43.5,Muscle Gain,3492,0,0,0,122.6
58,Male,190,135.5,37.5,Maintenance,1569,4,232,2280,136.1
54,Male,200,132.6,33.2,Weight Loss,3629,4,364,3188,128.5
41,Male,151,130.9,57.4,Maintenance,3652,0,0,0,131.2
46,Male,198,91.2,23.3,General Fitness,3788,4,392,3172,91.5
48,Male,169,76.0,26.6,Weight Loss,1907,7,357,2275,72.1
52,Female,147,86.5,40.0,Weight Loss,1648,5,210,1185,85.2
50,Female,182,109.0,32.9,Weight Loss,2640,7,553,3829,106.1
38,Male,164,128.4,47.7,General Fitness,3352,5,380,2060,128.4
49,Female,178,60.7,19.2,Muscle Gain,1338,5,290,2590,60.8
40,Male,193,131.8,35.4,Muscle Gain,1528,6,654,5616,132.6
50,Female,188,121.5,34.4,General Fitness,3101,6,276,5598,121.5
20,Female,188,137.9,39.0,General Fitness,2135,5,245,3125,137.6
35,Male,174,128.0,42.3,Maintenance,3731,3,321,1338,128.7
42,Female,161,68.0,26.2,Maintenance,2951,1,35,847,67.7
59,Female,154,50.6,21.3,Muscle Gain,1418,0,0,0,51.8
48,Male,179,51.2,16.0,General Fitness,3352,7,266,3010,50.9
20,Male,164,69.1,25.7,Maintenance,4509,3,183,1557,70.0
57,Female,162,101.4,38.6,General Fitness,2679,5,585,3555,101.8
41,Female,189,120.4,33.7,General Fitness,1084,0,0,0,120.8
49,Female,188,129.9,36.8,Muscle Gain,4595,1,106,424,130.9
39,Male,171,102.4,35.0,Muscle Gain,3299,4,396,2820,104.2
40,Female,193,40.6,10.9,General Fitness,2751,3,234,918,40.4
19,Female,180,58.6,18.1,Weight Loss,1125,1,59,898,56.9
44,Female,167,50.0,17.9,Weight Loss,3657,0,0,0,49.1
59,Male,176,76.3,24.6,General Fitness,4975,2,188,1612,76.4
19,Male,154,90.1,38.0,Muscle Gain,3027,3,333,2718,92.4
43,Male,155,44.3,18.4,Weight Loss,2428,7,805,6671,41.6
34,Male,182,74.8,22.6,Muscle Gain,3351,6,714,5646,75.7
57,Female,150,57.9,25.7,Weight Loss,4975,0,0,0,56.3
50,Male,185,104.7,30.6,General Fitness,4099,7,595,1428,104.4
26,Female,191,86.4,23.7,Maintenance,3895,0,0,0,86.8
60,Female,178,89.5,28.2,Maintenance,2289,6,468,4290,89.5
56,Female,180,82.8,25.6,Muscle Gain,4123,1,107,975,83.7
46,Female,181,135.6,41.4,Muscle Gain,3702,7,833,6748,136.4
59,Male,161,61.5,23.7,Weight Loss,1643,7,553,2534,59.3
43,Male,184,91.7,27.1,General Fitness,3905,0,0,0,91.2
52,Male,184,113.6,33.6,Weight Loss,3558,3,243,2190,111.0
42,Male,198,95.7,24.4,General Fitness,3254,5,260,1405,96.2
41,Male,156,132.9,54.6,General Fitness,1573,6,570,4080,133.6
30,Female,165,77.8,28.6,Muscle Gain,3922,3,300,2145,78.8
24,Male,184,86.4,25.5,Maintenance,3558,6,444,5034,86.2
53,Male,163,48.9,18.4,Maintenance,3021,0,0,0,49.3
37,Male,147,100.9,46.7,Muscle Gain,2667,1,57,345,101.7
18,Male,162,68.8,26.2,Maintenance,4624,3,147,1053,69.3
25,Female,197,56.0,14.4,Muscle Gain,3248,2,156,1124,57.1
33,Female,195,94.5,24.9,Weight Loss,4682,5,430,1460,93.4
31,Female,163,93.2,35.1,General Fitness,3870,6,666,1380,92.2
29,Female,191,47.6,13.0,Maintenance,2307,4,468,2956,47.8
40,Female,150,109.8,48.8,Maintenance,4428,1,88,848,109.4
32,Male,160,102.4,40.0,Weight Loss,4118,1,55,801,100.2
45,Female,152,58.9,25.5,Weight Loss,4067,4,192,992,57.1
51,Female,192,86.9,23.6,Maintenance,1136,4,168,1828,87.1
19,Female,162,112.0,42.7,Maintenance,1129,3,309,2151,111.9
49,Male,196,92.9,24.2,Muscle Gain,2218,0,0,0,94.8
40,Male,192,79.5,21.6,Muscle Gain,2017,0,0,0,80.6
39,Female,187,72.2,20.6,Maintenance,4700,2,204,710,73.0
42,Male,183,101.0,30.2,Muscle Gain,4435,5,200,4870,101.9
39,Male,193,133.9,35.9,Weight Loss,1431,6,576,4470,130.8
39,Female,193,107.2,28.8,General Fitness,4140,0,0,0,108.1
59,Male,156,47.5,19.5,Muscle Gain,4529,7,448,3052,48.6
23,Male,189,86.1,24.1,General Fitness,3587,2,136,1698,85.9
32,Male,154,129.1,54.4,Muscle Gain,3382,2,122,1134,129.8
60,Female,151,49.4,21.7,Maintenance,3573,1,43,256,48.3
54,Female,190,138.9,38.5,Muscle Gain,3605,1,94,374,139.6
50,Female,199,134.9,34.1,General Fitness,1908,5,280,2065,134.5
25,Male,145,47.8,22.7,General Fitness,4087,3,267,678,48.1
22,Female,193,133.3,35.8,Maintenance,3013,7,504,2226,134.6
56,Male,180,76.3,23.5,General Fitness,4527,4,376,1384,76.5
21,Male,165,124.5,45.7,Maintenance,3557,4,336,1856,124.3
23,Male,181,81.8,25.0,Maintenance,1208,5,585,3010,82.6
49,Female,196,84.1,21.9,General Fitness,4229,2,220,914,83.8
47,Female,168,103.4,36.6,Weight Loss,4408,5,320,1940,101.4
52,Female,199,117.4,29.6,General Fitness,4810,4,244,3768,116.8
57,Female,169,43.4,15.2,General Fitness,2984,2,96,1396,42.1
33,Male,151,99.3,43.6,Muscle Gain,4312,4,272,3636,100.2
30,Female,186,58.7,17.0,General Fitness,1057,3,147,1314,59.3
59,Male,161,74.6,28.8,Muscle Gain,3007,1,57,526,74.7
47,Female,173,74.8,25.0,Muscle Gain,3863,1,32,269,75.7
36,Female,174,86.9,28.7,General Fitness,4376,2,122,1926,86.2
34,Female,151,73.4,32.2,Maintenance,2368,5,575,4520,73.7
36,Male,177,50.7,16.2,Weight Loss,4713,4,348,896,49.1
45,Male,151,54.6,23.9,General Fitness,4800,0,0,0,54.1
43,Male,168,43.3,15.3,General Fitness,2037,3,213,1065,43.0
54,Male,155,87.0,36.2,Maintenance,2382,4,176,3428,87.2
43,Male,153,135.4,57.8,Muscle Gain,1376,6,672,2508,136.8
40,Female,156,51.6,21.2,Maintenance,3290,0,0,0,52.7
26,Male,179,134.6,42.0,Maintenance,1992,3,180,1734,134.4
29,Male,148,113.3,51.7,Muscle Gain,4216,3,270,1179,113.7
18,Male,180,103.7,32.0,General Fitness,3938,1,55,239,103.7
18,Male,172,104.5,35.3,Maintenance,1414,2,196,1592,104.7
51,Female,157,122.7,49.8,Maintenance,1393,4,344,2168,122.9
49,Male,167,50.7,18.2,General Fitness,4909,3,147,2106,51.0
42,Female,163,90.5,34.1,General Fitness,4686,4,380,2596,90.6
57,Female,186,109.7,31.7,Weight Loss,1728,3,150,1605,107.9
18,Female,181,98.7,30.1,Maintenance,1357,5,445,1015,98.5
33,Male,183,123.3,36.8,Weight Loss,2599,7,644,6706,119.9
56,Female,168,47.2,16.7,Muscle Gain,2181,1,80,716,48.7
22,Male,160,109.1,42.6,General Fitness,3721,2,226,1392,109.1
39,Male,177,93.4,29.8,General Fitness,3065,0,0,0,93.4
46,Male,156,77.9,32.0,Weight Loss,3775,0,0,0,77.2
20,Male,178,74.0,23.4,Maintenance,4902,5,430,2185,74.4
29,Male,151,102.1,44.8,Muscle Gain,3608,6,192,5154,103.3
43,Female,155,129.1,53.7,Maintenance,2591,1,66,302,128.9
33,Female,175,89.6,29.3,Maintenance,4418,3,339,1122,91.1
54,Male,173,122.5,40.9,Weight Loss,4129,1,54,660,120.8
39,Female,157,80.2,32.5,Maintenance,1154,2,100,1894,80.0
46,Male,175,50.2,16.4,Weight Loss,2590,7,763,1631,49.2
31,Female,146,46.2,21.7,General Fitness,4558,0,0,0,45.7
45,Female,183,45.1,13.5,General Fitness,4924,4,120,2868,44.6
22,Female,159,78.0,30.9,General Fitness,2554,0,0,0,77.8
47,Female,155,73.7,30.7,Muscle Gain,1486,6,318,2904,74.4
22,Female,178,111.8,35.3,Muscle Gain,3198,6,456,2544,112.8
29,Male,183,114.3,34.1,Maintenance,2382,6,708,4584,114.2
33,Male,148,45.1,20.6,Weight Loss,3415,6,216,2736,43.0
43,Female,155,62.1,25.8,Maintenance,4691,2,134,516,61.7
43,Male,173,67.4,22.5,General Fitness,2070,3,228,1335,67.6
38,Female,146,94.8,44.5,Maintenance,3254,1,64,718,94.2
56,Male,160,54.5,21.3,Maintenance,4946,0,0,0,54.5
53,Female,183,53.4,15.9,Maintenance,3497,6,546,4734,52.5
50,Female,157,134.4,54.5,General Fitness,2506,0,0,0,134.1
47,Female,181,120.4,36.8,Weight Loss,2875,6,192,2490,118.4
54,Male,161,58.1,22.4,Maintenance,1923,4,196,2408,58.2
40,Male,165,80.7,29.6,General Fitness,4711,1,73,482,80.0
27,Female,188,75.6,21.4,Muscle Gain,3744,4,244,3088,76.3
22,Female,163,119.1,44.8,Weight Loss,3617,4,220,3088,115.0
53,Male,151,91.0,39.9,General Fitness,3190,6,462,2484,90.8
51,Male,182,52.8,15.9,Maintenance,4471,7,238,4067,52.8
48,Male,152,113.9,49.3,General Fitness,4168,3,264,732,113.9
27,Male,157,79.7,32.3,Weight Loss,2070,0,0,0,79.5
36,Male,181,66.3,20.2,Maintenance,1190,7,546,2940,65.4
49,Female,146,77.5,36.4,Muscle Gain,1139,5,295,2920,79.5
18,Male,185,89.8,26.2,Muscle Gain,1614,1,46,294,90.9
22,Female,155,74.3,30.9,Muscle Gain,4302,7,693,1701,75.5
21,Female,168,64.2,22.7,General Fitness,4411,3,261,1281,64.7
33,Male,150,79.9,35.5,Weight Loss,3972,5,460,3865,75.5
41,Male,170,41.9,14.5,Muscle Gain,2514,3,270,1548,43.6
33,Female,151,117.2,51.4,Maintenance,4120,7,644,6510,117.1
19,Male,183,57.1,17.1,Maintenance,4970,6,264,3204,57.6
45,Female,163,44.4,16.7,Maintenance,1623,6,180,4800,45.3
49,Male,150,105.4,46.8,General Fitness,4524,3,126,2469,104.8
44,Male,187,117.4,33.6,Weight Loss,2339,7,539,6426,113.5
37,Male,173,121.4,40.6,Weight Loss,2345,2,126,1332,118.7
41,Female,187,89.4,25.6,Muscle Gain,1086,2,118,1828,90.5
29,Male,183,60.5,18.1,Weight Loss,2917,3,144,1488,57.0
52,Female,146,113.7,53.3,Maintenance,4545,2,186,1488,113.6
50,Male,163,110.0,41.4,Maintenance,1281,1,95,688,109.5
50,Female,148,64.6,29.5,General Fitness,4910,0,0,0,65.5
60,Male,150,130.3,57.9,Maintenance,3811,5,365,3615,130.2
54,Female,193,50.4,13.5,Weight Loss,2097,6,246,1206,49.2
29,Female,181,138.3,42.2,Maintenance,1452,1,69,860,137.4
20,Female,172,126.0,42.6,Muscle Gain,1046,0,0,0,126.7
18,Female,174,108.8,35.9,General Fitness,2611,2,80,812,108.6
50,Female,151,133.9,58.7,General Fitness,4167,5,475,2700,133.6
57,Female,153,112.2,47.9,Weight Loss,3985,1,30,903,110.7
27,Male,169,59.0,20.7,Maintenance,3078,4,348,2424,58.2
60,Female,177,84.2,26.9,Maintenance,3581,6,342,3030,84.1
46,Female,145,47.2,22.4,Weight Loss,3064,3,291,2118,45.5
30,Female,195,79.0,20.8,Weight Loss,4283,6,528,4008,75.6
29,Male,150,114.2,50.8,Muscle Gain,2683,0,0,0,116.2
48,Male,162,78.6,29.9,Weight Loss,2258,0,0,0,77.9
19,Male,154,73.0,30.8,Maintenance,1391,4,476,3028,72.4
52,Female,172,99.5,33.6,Muscle Gain,4054,4,232,2776,100.2
40,Male,155,127.2,52.9,General Fitness,1353,3,354,1380,127.3
34,Male,177,44.8,14.3,Maintenance,1304,2,206,1554,45.1
43,Female,145,78.5,37.3,General Fitness,2622,6,678,5166,78.1
25,Female,157,55.8,22.6,General Fitness,2573,1,107,781,55.8
46,Male,181,109.5,33.4,General Fitness,4636,7,686,3941,109.9
43,Female,164,50.6,18.8,Maintenance,2563,7,518,4991,50.4
27,Female,145,106.5,50.7,General Fitness,2612,1,99,740,105.7
43,Female,196,68.6,17.9,Maintenance,2948,1,115,967,68.4
51,Female,147,59.9,27.7,General Fitness,3556,2,92,1544,60.4
58,Male,162,133.6,50.9,Weight Loss,1711,6,648,4866,129.3
24,Female,185,41.9,12.2,Weight Loss,2418,6,408,3924,40.6
21,Male,158,83.8,33.6,Maintenance,4502,7,483,2401,84.4
28,Male,175,42.2,13.8,General Fitness,3732,3,171,1173,43.4
46,Male,171,88.4,30.2,General Fitness,1785,1,31,552,88.1
53,Male,161,90.1,34.8,General Fitness,4633,0,0,0,90.2
42,Female,199,72.2,18.2,Weight Loss,1856,0,0,0,71.7
38,Female,190,53.2,14.7,General Fitness,1176,0,0,0,53.4
53,Female,173,77.6,25.9,General Fitness,2429,4,464,2504,77.1
27,Male,180,107.2,33.1,Maintenance,3348,4,144,3660,107.3
54,Male,181,118.2,36.1,General Fitness,3492,2,180,1912,118.1
26,Male,170,93.1,32.2,Weight Loss,4810,1,81,230,91.0
41,Female,197,99.0,25.5,General Fitness,4198,4,308,2124,97.8
52,Male,161,60.1,23.2,Weight Loss,4420,0,0,0,57.8
52,Female,166,68.7,24.9,Weight Loss,3068,4,408,1004,66.6
53,Female,169,56.2,19.7,Muscle Gain,4063,6,246,3498,56.6
35,Female,146,64.9,30.4,Weight Loss,1710,0,0,0,64.1
56,Female,199,62.5,15.8,Muscle Gain,3748,1,31,974,62.9
49,Male,166,91.9,33.4,Muscle Gain,2867,6,276,5310,92.6
41,Female,149,96.3,43.4,General Fitness,4491,2,208,1622,96.1
40,Male,148,134.5,61.4,Muscle Gain,1151,3,315,1848,135.6
49,Female,180,59.6,18.4,Maintenance,4231,3,96,2022,59.1
54,Male,150,104.2,46.3,Weight Loss,3906,6,300,3546,101.1
29,Male,196,121.7,31.7,Maintenance,4551,0,0,0,121.8
30,Female,165,96.0,35.3,Muscle Gain,2466,4,432,3088,97.2
40,Female,157,65.5,26.6,General Fitness,1095,4,320,3596,65.9
42,Female,198,66.3,16.9,Weight Loss,4423,0,0,0,63.7
52,Male,181,43.9,13.4,Maintenance,2098,7,588,4249,43.0
58,Female,199,70.5,17.8,General Fitness,3925,1,65,718,70.3
47,Female,169,114.5,40.1,Muscle Gain,4665,6,480,2328,115.3
34,Male,170,44.8,15.5,General Fitness,1639,0,0,0,44.1
37,Female,199,61.9,15.6,Maintenance,4430,7,322,3850,62.1
42,Male,183,110.6,33.0,General Fitness,2156,1,118,482,111.0
39,Female,164,118.3,44.0,Maintenance,3447,2,180,1670,118.6
30,Male,177,85.5,27.3,General Fitness,4210,2,208,712,85.4
36,Male,158,109.8,44.0,Weight Loss,3293,6,252,4788,106.2
53,Female,200,78.8,19.7,General Fitness,4362,0,0,0,78.5
29,Male,180,56.0,17.3,Weight Loss,1111,2,228,538,55.1
58,Female,161,79.8,30.8,Maintenance,4786,4,436,2276,80.6
36,Female,165,98.0,36.0,Weight Loss,2193,1,116,787,96.6
29,Male,190,134.8,37.3,General Fitness,2622,3,309,2475,135.1
26,Female,160,46.9,18.3,Weight Loss,4702,7,539,4998,42.6
24,Male,190,90.7,25.1,Maintenance,2633,3,345,1299,90.8
45,Male,160,72.9,28.5,General Fitness,4311,2,198,1756,72.9
31,Male,200,90.8,22.7,Weight Loss,4408,7,532,5670,87.1
48,Male,164,42.4,15.8,Weight Loss,2161,1,39,835,40.7
36,Male,173,71.3,23.8,Muscle Gain,2617,4,344,2664,72.6
33,Male,172,122.0,41.2,Weight Loss,2259,3,327,2268,120.0
22,Male,152,95.4,41.3,Muscle Gain,2671,4,168,1944,96.2
52,Male,168,85.1,30.2,Maintenance,3841,4,360,3268,84.9
29,Female,147,68.6,31.7,Muscle Gain,4074,3,261,1479,68.4
42,Female,169,69.8,24.4,Maintenance,2594,3,339,2040,70.5
38,Male,163,78.3,29.5,Weight Loss,3163,7,679,2331,76.6
53,Female,177,123.6,39.5,Weight Loss,2495,2,226,414,123.2
40,Female,146,136.7,64.1,Muscle Gain,4202,7,805,1589,137.4
33,Female,159,83.9,33.2,Maintenance,3981,6,348,5892,83.7
56,Female,166,79.3,28.8,Weight Loss,4969,1,45,934,76.9
59,Female,154,124.7,52.6,Muscle Gain,4554,0,0,0,126.3
56,Female,162,82.7,31.5,Muscle Gain,4472,1,76,509,83.5
31,Male,166,95.2,34.5,Muscle Gain,2224,7,504,5915,96.6
48,Female,190,63.1,17.5,Weight Loss,1291,0,0,0,62.2
22,Female,193,114.4,30.7,Maintenance,3389,7,413,5782,114.6
52,Female,171,93.2,31.9,Weight Loss,2014,3,258,2079,90.5
40,Female,157,120.9,49.0,General Fitness,2633,4,236,932,121.8
46,Male,177,118.1,37.7,General Fitness,2239,1,96,206,117.5
60,Male,149,61.5,27.7,Weight Loss,2659,7,595,1673,59.9
28,Male,170,111.6,38.6,Maintenance,1584,4,212,2116,110.5
35,Male,157,120.0,48.7,Muscle Gain,4437,1,106,261,120.1
29,Female,171,74.6,25.5,General Fitness,2913,6,630,1710,75.3
26,Male,158,57.3,23.0,General Fitness,3026,5,185,4620,56.8
27,Male,168,40.3,14.3,Weight Loss,4713,1,117,315,41.9
34,Male,147,85.1,39.4,General Fitness,2492,4,292,3104,85.0
55,Male,191,75.2,20.6,General Fitness,4489,5,545,2480,75.6
24,Female,195,95.5,25.1,Muscle Gain,1026,2,126,1156,96.7
30,Male,193,58.8,15.8,Muscle Gain,2700,6,384,5286,59.6
57,Female,174,126.0,41.6,Maintenance,1454,3,237,2481,127.0
59,Male,179,65.8,20.5,General Fitness,1917,2,92,1042,66.2
26,Female,192,62.6,17.0,Maintenance,3627,7,217,5789,62.5
44,Female,158,88.1,35.3,Maintenance,1013,2,238,1864,87.8
19,Male,156,89.9,36.9,Muscle Gain,3145,1,83,594,90.2
22,Male,172,61.5,20.8,Muscle Gain,1278,3,219,1668,61.4
46,Male,188,67.2,19.0,Weight Loss,2963,6,660,4566,64.2
54,Male,173,57.0,19.0,Muscle Gain,1489,5,390,3090,58.0
55,Female,187,111.8,32.0,Maintenance,1984,1,31,677,112.5
36,Female,161,117.0,45.1,General Fitness,1960,7,707,3745,117.5
25,Male,184,86.2,25.5,Maintenance,4954,0,0,0,86.8
18,Male,193,111.4,29.9,Maintenance,2782,1,38,219,110.6
39,Female,165,113.6,41.7,Maintenance,3671,5,150,3055,113.6
34,Male,167,53.8,19.3,Muscle Gain,3254,4,392,2992,54.9
24,Female,164,136.6,50.8,Maintenance,2887,7,266,3206,136.5
42,Male,155,122.1,50.8,Weight Loss,2869,6,258,4824,118.0
21,Female,178,60.4,19.1,General Fitness,4304,6,336,5388,59.7
53,Female,154,58.6,24.7,Muscle Gain,2596,1,38,556,59.6
23,Female,154,52.6,22.2,Maintenance,3644,0,0,0,52.4
48,Female,187,53.8,15.4,Weight Loss,3742,1,113,610,51.9
36,Female,150,114.8,51.0,General Fitness,2262,7,756,3409,115.5
56,Male,180,87.0,26.9,Maintenance,1249,5,160,1235,87.3
44,Female,168,118.3,41.9,General Fitness,2606,6,312,5784,117.1
27,Male,156,114.6,47.1,Muscle Gain,1739,0,0,0,114.9
43,Female,187,100.5,28.7,Muscle Gain,4668,3,177,1707,102.5
36,Female,199,108.6,27.4,Weight Loss,1305,5,240,2150,105.4
56,Male,167,41.8,15.0,Muscle Gain,4979,6,576,1764,42.1
20,Male,171,71.2,24.3,Weight Loss,4534,1,79,502,70.3
30,Male,189,103.8,29.1,Maintenance,2806,6,462,2502,102.9
45,Male,181,40.9,12.5,General Fitness,2936,0,0,0,40.3
37,Female,150,43.3,19.2,Muscle Gain,2825,7,665,4102,44.2
45,Male,145,125.2,59.5,General Fitness,4307,5,280,4570,125.5
25,Female,150,108.4,48.2,General Fitness,4362,3,348,2481,108.8
58,Male,194,66.5,17.7,Maintenance,4110,4,276,1160,66.9
56,Male,166,108.8,39.5,Maintenance,4045,2,94,514,108.6
18,Female,185,119.2,34.8,Muscle Gain,3765,0,0,0,120.1
20,Female,168,70.7,25.0,Maintenance,1182,4,160,2884,71.1
30,Male,169,43.6,15.3,General Fitness,4770,3,204,2901,43.7
45,Female,159,133.3,52.7,Weight Loss,3692,4,192,3840,130.1
42,Female,170,74.5,25.8,Weight Loss,1029,1,118,682,73.0
50,Female,152,50.6,21.9,Weight Loss,2411,2,72,1132,47.9
55,Female,195,89.2,23.5,Muscle Gain,1766,0,0,0,90.1
23,Female,168,116.8,41.4,Maintenance,4214,5,155,3585,117.3
49,Female,192,62.2,16.9,Maintenance,1614,6,402,3180,63.0
38,Female,182,66.9,20.2,Maintenance,4490,3,102,2697,67.4
33,Female,150,64.3,28.6,Maintenance,2004,2,214,868,64.6
38,Male,198,139.2,35.5,General Fitness,3121,3,333,1830,139.5
28,Female,179,59.7,18.6,Weight Loss,4126,6,390,2292,55.8
54,Male,186,97.6,28.2,General Fitness,4009,4,388,1944,97.1
53,Female,145,132.5,63.0,Muscle Gain,4819,3,351,966,133.1
52,Female,190,54.7,15.2,Weight Loss,4643,7,742,2499,52.6
36,Female,180,137.1,42.3,Weight Loss,1023,3,342,1566,134.8
37,Female,156,134.7,55.4,General Fitness,4093,4,344,848,135.0
35,Male,182,128.5,38.8,Muscle Gain,3475,4,196,3060,128.4
58,Male,155,61.5,25.6,Muscle Gain,2055,6,204,5928,63.5
31,Female,156,103.4,42.5,Weight Loss,3910,2,106,1508,102.5
32,Male,186,116.1,33.6,Maintenance,3386,0,0,0,116.9
48,Female,194,138.6,36.8,Muscle Gain,2970,4,228,3280,140.2
18,Female,183,58.0,17.3,General Fitness,3004,7,574,6139,57.7
20,Male,151,116.6,51.1,Muscle Gain,2538,2,160,1634,118.0
33,Male,155,73.9,30.8,Weight Loss,3559,6,216,4572,69.9
40,Female,180,57.6,17.8,Maintenance,4141,3,213,1209,57.8
28,Female,196,82.1,21.4,Muscle Gain,1671,7,448,3507,83.2
29,Male,175,119.4,39.0,Weight Loss,4969,3,189,726,116.9
27,Female,177,86.5,27.6,Muscle Gain,4159,5,510,4970,87.8
49,Male,157,93.8,38.1,Maintenance,3924,1,105,796,93.8
33,Female,162,139.5,53.2,General Fitness,1570,4,332,3712,138.7
25,Female,185,79.9,23.3,Weight Loss,1763,6,348,5214,74.7
55,Male,200,101.5,25.4,Weight Loss,2242,7,273,4935,97.3
29,Male,168,76.5,27.1,Maintenance,1712,7,392,5866,77.1
41,Male,153,79.3,33.9,Weight Loss,3636,2,224,780,78.0
45,Female,175,109.6,35.8,Maintenance,1766,5,210,4885,109.4
25,Female,199,133.8,33.8,Weight Loss,2782,2,142,518,133.2
45,Female,185,94.2,27.5,Maintenance,2293,0,0,0,93.1
53,Female,154,116.8,49.2,Muscle Gain,3866,5,450,3325,117.1
43,Male,146,48.9,22.9,Muscle Gain,2674,6,648,3468,48.9
25,Female,182,61.1,18.4,Muscle Gain,3125,2,100,1256,62.3
45,Female,159,90.2,35.7,Weight Loss,4663,4,128,1044,88.3
45,Female,147,42.0,19.4,Maintenance,3057,2,74,1002,41.8
54,Male,187,65.3,18.7,Maintenance,2491,1,99,837,65.0
58,Female,175,91.7,29.9,General Fitness,2359,3,336,1113,91.5
53,Female,150,41.5,18.4,Muscle Gain,1635,3,138,2112,42.3
44,Male,147,66.5,30.8,General Fitness,2209,7,273,1834,67.2
34,Female,200,91.4,22.8,Muscle Gain,4617,5,210,4855,92.8
26,Female,155,97.3,40.5,General Fitness,4192,2,82,430,96.8
50,Male,159,132.6,52.5,Muscle Gain,3639,2,190,1780,133.4
37,Female,189,104.5,29.3,Maintenance,3765,2,206,600,104.8
30,Female,196,81.5,21.2,Muscle Gain,3612,2,228,750,82.8
45,Female,172,133.0,45.0,Weight Loss,2691,7,364,2744,129.8
46,Male,154,118.5,50.0,Muscle Gain,2297,1,94,472,119.3
30,Female,182,60.0,18.1,Muscle Gain,3457,4,324,2664,61.3
52,Female,191,53.1,14.6,Maintenance,1357,1,90,972,53.9
23,Male,194,107.6,28.6,Weight Loss,2670,6,330,2244,104.9
35,Male,194,96.0,25.5,Maintenance,3145,6,264,2598,96.2
22,Female,151,119.0,52.2,General Fitness,2006,1,51,415,118.5
42,Female,159,113.9,45.1,General Fitness,1240,1,118,690,113.6
19,Female,162,102.5,39.1,Weight Loss,3604,3,282,1848,100.0
27,Female,162,138.6,52.8,General Fitness,3758,6,330,5748,138.5
47,Male,196,93.4,24.3,Weight Loss,2826,1,50,732,92.2
22,Female,185,51.3,15.0,Muscle Gain,4185,2,106,1300,52.5
50,Male,168,122.8,43.5,General Fitness,4558,1,45,954,122.9
18,Male,146,65.2,30.6,Muscle Gain,4860,2,122,1998,65.9
35,Female,184,117.7,34.8,Maintenance,2264,5,225,2395,116.8
49,Female,164,135.7,50.5,General Fitness,1155,6,636,2658,135.4
28,Male,178,109.7,34.6,Maintenance,1351,4,284,3496,110.5
38,Male,187,99.6,28.5,Maintenance,1043,3,183,1035,100.1
43,Female,170,86.0,29.8,Weight Loss,3639,4,316,1064,83.8
42,Male,151,76.4,33.5,Maintenance,4383,7,490,2114,76.6
39,Female,182,75.3,22.7,Weight Loss,1137,7,371,3563,72.0
44,Female,174,103.6,34.2,Weight Loss,4734,5,210,4180,99.9
30,Male,186,115.1,33.3,Weight Loss,2967,4,416,1264,112.9
50,Male,149,107.9,48.6,Weight Loss,3483,3,324,2013,106.3
51,Female,155,59.8,24.9,Weight Loss,1753,2,78,1924,57.7
58,Male,145,89.4,42.5,Muscle Gain,1142,5,355,2600,90.8
52,Female,178,119.2,37.6,Weight Loss,4071,5,350,3170,115.4
18,Female,200,87.6,21.9,General Fitness,2846,2,64,1138,88.1
38,Female,145,93.7,44.6,Weight Loss,4370,2,168,1874,90.7
23,Male,163,117.1,44.1,Muscle Gain,4633,3,135,2697,117.2
45,Female,146,106.1,49.8,General Fitness,3309,6,438,2316,106.1
34,Female,165,80.9,29.7,General Fitness,3559,1,110,787,81.1
22,Female,164,129.5,48.1,Muscle Gain,3720,6,708,5904,130.4
48,Female,167,56.3,20.2,General Fitness,1061,0,0,0,56.1
22,Female,165,139.6,51.3,Muscle Gain,2590,1,66,860,140.7
55,Female,168,51.9,18.4,Maintenance,2446,6,534,5436,51.6
20,Female,148,41.5,18.9,Maintenance,2419,1,106,995,41.0
40,Female,156,129.0,53.0,Weight Loss,4955,7,371,4704,125.3
54,Female,166,64.5,23.4,Weight Loss,3019,4,220,3020,62.1
54,Female,164,113.0,42.0,Weight Loss,3078,7,609,4571,109.3
27,Female,162,121.1,46.1,Weight Loss,4401,0,0,0,120.1
27,Male,145,125.9,59.9,Muscle Gain,3996,2,180,1762,127.0
36,Female,174,139.2,46.0,Maintenance,3849,1,48,293,138.7
34,Female,177,69.4,22.2,Muscle Gain,2192,6,342,5610,70.5
38,Female,168,111.0,39.3,General Fitness,3313,3,108,2967,111.2
31,Male,158,51.5,20.6,General Fitness,3355,1,74,237,52.1
26,Female,180,80.7,24.9,General Fitness,3506,2,230,1962,81.3
18,Male,149,124.8,56.2,General Fitness,4256,6,552,4086,124.5
30,Female,155,76.8,32.0,General Fitness,1333,1,66,946,76.4
21,Female,168,99.1,35.1,Maintenance,3562,5,225,1550,98.1
18,Male,175,90.4,29.5,Muscle Gain,3488,7,238,4263,91.6
57,Female,199,104.6,26.4,General Fitness,3720,4,232,1468,104.0
49,Male,157,137.3,55.7,Weight Loss,3438,4,324,3060,134.5
51,Male,160,45.6,17.8,Maintenance,2795,1,52,596,45.4
45,Female,168,97.4,34.5,Weight Loss,3982,4,140,1304,95.8
48,Female,157,126.3,51.2,Maintenance,3607,3,195,2958,127.0
25,Female,168,88.1,31.2,Maintenance,1253,0,0,0,88.5
56,Female,198,47.9,12.2,Weight Loss,4657,1,62,240,45.6
43,Male,170,96.1,33.3,Weight Loss,4406,3,234,2283,93.5
51,Male,146,73.2,34.3,General Fitness,2423,5,350,3430,73.1
20,Female,160,55.5,21.7,Weight Loss,4237,3,327,2610,53.0
29,Male,182,124.9,37.7,Muscle Gain,4331,3,252,1794,126.0
18,Male,190,92.2,25.5,Maintenance,2027,5,275,1905,92.2
22,Female,145,133.3,63.4,Maintenance,2911,2,132,760,133.2
47,Male,193,120.6,32.4,General Fitness,3166,1,106,877,121.2
47,Male,155,109.3,45.5,Maintenance,1995,7,322,6601,108.7
34,Female,195,40.5,10.7,Weight Loss,4994,1,61,917,40.7
40,Male,179,82.8,25.8,Maintenance,1469,1,57,663,82.5
32,Female,187,59.7,17.1,Maintenance,2493,7,378,1743,59.2
54,Male,173,131.1,43.8,Weight Loss,3832,0,0,0,129.8
38,Female,181,57.5,17.6,Weight Loss,4564,3,153,1800,54.0
31,Male,161,68.6,26.5,Maintenance,4809,1,90,345,68.2
19,Male,198,91.7,23.4,Muscle Gain,2887,7,511,3479,92.5
28,Female,183,66.3,19.8,Weight Loss,2523,7,343,2408,65.5
56,Female,186,61.0,17.6,Muscle Gain,2093,4,316,860,61.9
55,Female,172,99.9,33.8,Muscle Gain,1693,2,234,568,101.1
51,Female,173,48.9,16.3,General Fitness,3912,5,380,2075,48.2
55,Male,187,45.8,13.1,Muscle Gain,3823,5,380,3405,47.8
51,Male,147,77.2,35.7,General Fitness,2393,0,0,0,77.4
35,Male,196,112.1,29.2,Muscle Gain,3044,7,560,5229,114.2
47,Female,154,95.5,40.3,General Fitness,1180,6,504,1836,95.4
32,Male,186,82.3,23.8,Weight Loss,4076,5,535,2090,79.5
44,Male,158,96.6,38.7,Maintenance,2220,2,136,1072,97.7
51,Female,156,76.5,31.4,Maintenance,1046,6,258,3420,76.2
55,Female,191,133.6,36.6,General Fitness,4623,7,686,3171,133.5
50,Male,186,45.5,13.2,Weight Loss,1633,7,532,4228,42.1
41,Female,174,107.3,35.4,General Fitness,4718,3,150,2337,107.1
32,Male,176,129.1,41.7,General Fitness,2163,5,220,4490,129.7
47,Male,176,120.4,38.9,Weight Loss,4933,6,660,5010,116.9
59,Female,186,58.4,16.9,Muscle Gain,2688,6,678,1374,60.0
34,Male,176,69.6,22.5,Muscle Gain,2563,5,150,1920,69.6
22,Female,170,111.7,38.7,Weight Loss,2450,4,436,1952,110.2
46,Female,195,48.4,12.7,General Fitness,1588,3,333,1674,48.8
21,Male,145,121.2,57.6,Maintenance,4758,1,39,673,121.0
27,Male,200,111.9,28.0,General Fitness,4632,7,364,5348,112.1
34,Male,186,113.0,32.7,Muscle Gain,2877,2,94,1198,114.2
27,Female,146,50.0,23.5,Weight Loss,3357,5,435,4440,47.2
34,Male,161,111.8,43.1,Weight Loss,3321,4,408,1328,110.0
37,Female,174,108.0,35.7,Weight Loss,2562,7,742,4907,105.7
41,Female,200,123.1,30.8,Muscle Gain,1839,2,162,1404,124.7
22,Male,183,44.2,13.2,General Fitness,2413,6,450,1656,43.5
51,Female,151,42.3,18.6,Weight Loss,3506,0,0,0,40.8
23,Male,196,77.3,20.1,Maintenance,1732,4,184,1036,77.3
19,Male,171,54.9,18.8,Weight Loss,4705,7,672,4578,51.8
30,Male,153,95.8,40.9,General Fitness,3408,6,540,3984,96.1
60,Male,166,131.7,47.8,Muscle Gain,2017,0,0,0,132.4
60,Male,178,79.1,25.0,Maintenance,4140,5,410,1450,79.1
28,Male,190,124.5,34.5,Maintenance,4654,4,136,1988,124.6
40,Male,193,40.0,10.7,Weight Loss,3709,1,61,524,40.4
33,Female,145,56.9,27.1,General Fitness,3746,6,708,2874,56.9
48,Male,153,43.0,18.4,Weight Loss,2454,7,518,6370,41.5
28,Female,164,72.8,27.1,Maintenance,3932,2,170,634,72.8
33,Female,197,130.8,33.7,Weight Loss,1757,2,68,1788,129.1
25,Female,163,49.7,18.7,General Fitness,4779,6,696,4596,49.9
21,Male,180,100.6,31.0,Muscle Gain,4103,6,630,2820,102.1
57,Female,184,85.1,25.1,Maintenance,3002,3,189,2148,84.9
21,Female,189,133.8,37.5,General Fitness,1620,4,360,1200,134.0
42,Male,148,52.3,23.9,Weight Loss,2888,7,812,4109,48.3
20,Male,153,61.2,26.1,Maintenance,4584,7,763,3395,61.3
49,Female,185,43.0,12.6,Weight Loss,1181,7,637,1764,41.0
20,Male,166,83.4,30.3,Weight Loss,3733,7,686,6503,78.7
44,Male,162,67.8,25.8,Muscle Gain,3728,4,368,3988,69.7
46,Male,156,127.0,52.2,Weight Loss,3295,6,438,2634,124.3
49,Male,186,100.5,29.0,Weight Loss,3667,0,0,0,100.0
36,Female,187,101.4,29.0,General Fitness,4953,4,396,3260,101.1
38,Male,183,93.2,27.8,Weight Loss,2320,2,84,1120,90.8
22,Male,153,49.2,21.0,Muscle Gain,2799,4,288,2252,49.0
35,Male,150,84.5,37.6,Weight Loss,4999,3,177,2799,81.4
45,Female,163,140.0,52.7,Weight Loss,3077,3,165,2700,138.0
59,Female,192,123.5,33.5,Weight Loss,2325,6,660,3156,121.1
39,Male,191,129.3,35.4,Maintenance,2499,2,184,1350,128.5
38,Male,151,122.3,53.6,Muscle Gain,3920,2,204,1620,123.2
23,Female,160,50.3,19.6,Maintenance,1947,7,602,2072,49.6
18,Male,149,62.7,28.2,Muscle Gain,2375,2,186,1052,64.0
22,Male,160,40.3,15.7,Muscle Gain,1984,4,436,1088,42.0
58,Female,145,70.4,33.5,General Fitness,4553,4,312,1820,70.7
29,Male,195,50.9,13.4,Maintenance,3364,1,81,942,50.7
43,Male,181,87.3,26.6,Muscle Gain,3784,5,460,1845,89.7
51,Female,183,107.7,32.2,Muscle Gain,2420,6,666,3192,108.8
31,Female,163,127.5,48.0,General Fitness,4160,5,210,1780,128.0
43,Male,198,114.9,29.3,Maintenance,4305,7,819,4326,114.5
44,Female,181,133.9,40.9,Weight Loss,3215,7,518,4599,130.9
26,Male,161,45.4,17.5,General Fitness,3790,0,0,0,45.5
43,Male,170,41.2,14.3,Muscle Gain,1125,4,424,1192,42.7
39,Male,166,106.1,38.5,Maintenance,3620,1,118,931,105.0
47,Female,152,68.9,29.8,Muscle Gain,1119,1,70,443,69.9
60,Female,177,65.4,20.9,General Fitness,2451,3,225,2910,65.5
34,Male,146,73.1,34.3,General Fitness,2008,4,120,2704,73.2
43,Male,174,67.0,22.1,Maintenance,2213,1,102,640,65.9
53,Female,191,91.1,25.0,General Fitness,4704,3,291,1179,91.0
18,Female,164,84.0,31.2,General Fitness,2451,0,0,0,83.1
25,Female,162,91.2,34.8,Weight Loss,3607,3,351,2583,89.2
52,Male,187,107.3,30.7,Muscle Gain,4273,7,714,3962,108.9
32,Female,154,78.7,33.2,Weight Loss,4130,0,0,0,78.2
39,Female,168,65.1,23.1,Weight Loss,1696,7,434,4886,60.8
31,Male,200,56.6,14.2,Maintenance,3270,5,435,3665,56.9
43,Male,148,74.9,34.2,General Fitness,2515,7,448,4599,74.3
45,Male,181,114.2,34.9,Muscle Gain,2034,5,375,4135,115.2
40,Female,148,115.7,52.8,Muscle Gain,3840,2,226,624,116.7
31,Male,157,106.7,43.3,Muscle Gain,4772,2,190,1844,107.5
41,Male,169,63.4,22.2,General Fitness,2535,6,438,1338,63.4
19,Male,157,98.8,40.1,Muscle Gain,1813,3,165,1446,100.2
43,Male,162,97.1,37.0,Muscle Gain,1309,6,426,2946,98.6
31,Female,168,88.4,31.3,General Fitness,2011,2,212,1124,87.9
24,Male,146,95.0,44.6,Maintenance,3796,7,413,4200,94.6
20,Female,192,89.2,24.2,Muscle Gain,2057,4,244,3068,89.9
40,Female,177,96.5,30.8,General Fitness,2018,3,195,1395,96.0
60,Female,163,111.6,42.0,Weight Loss,4411,1,48,253,110.9
35,Male,153,51.0,21.8,General Fitness,4718,7,357,5733,51.9
55,Female,172,115.0,38.9,Weight Loss,3528,4,376,3652,111.9
52,Male,179,53.6,16.7,General Fitness,3621,6,516,5478,53.1
32,Male,183,46.7,13.9,Muscle Gain,1824,3,120,1863,47.9
42,Male,154,137.6,58.0,Maintenance,4810,6,330,4038,137.4
54,Female,145,135.7,64.5,Maintenance,3044,5,385,4645,135.9
45,Male,186,46.0,13.3,Muscle Gain,2116,0,0,0,47.4
27,Male,165,84.3,31.0,Weight Loss,1627,6,672,3318,82.3
56,Male,153,58.6,25.0,General Fitness,4915,2,82,1174,58.5
34,Female,191,88.5,24.3,Muscle Gain,2156,2,192,754,89.2
56,Female,159,123.0,48.7,General Fitness,3891,2,170,1348,122.6
39,Female,179,135.1,42.2,Muscle Gain,1988,3,141,2316,136.3
43,Male,149,103.4,46.6,Muscle Gain,3466,4,136,2416,105.1
42,Female,185,75.4,22.0,General Fitness,2491,0,0,0,75.7
34,Male,166,100.3,36.4,Maintenance,2828,2,214,1114,99.7
30,Male,185,71.2,20.8,Maintenance,4515,4,268,3028,71.3
37,Female,167,131.0,47.0,Weight Loss,4776,6,576,4836,127.8
42,Male,151,127.0,55.7,General Fitness,4983,1,99,526,127.4
21,Female,200,95.8,24.0,Weight Loss,3077,5,525,1215,93.9
27,Male,167,72.5,26.0,Muscle Gain,2992,1,81,519,74.2
20,Female,188,69.3,19.6,Weight Loss,3345,0,0,0,68.3
58,Male,169,43.3,15.2,Muscle Gain,2084,2,136,1714,44.4
35,Male,171,121.6,41.6,General Fitness,3505,7,616,4697,122.2
53,Male,185,85.0,24.8,General Fitness,3351,7,385,3276,85.9
39,Male,150,72.5,32.2,General Fitness,4005,1,94,724,72.9
51,Male,199,87.1,22.0,General Fitness,1339,5,545,1120,86.8
25,Female,178,121.9,38.5,Weight Loss,4932,4,308,3888,119.1
57,Male,153,52.5,22.4,Muscle Gain,3495,7,574,5873,54.3
36,Female,193,125.8,33.8,Maintenance,2859,4,152,3000,125.3
59,Female,177,129.8,41.4,General Fitness,2325,1,34,356,129.2
58,Female,195,134.7,35.4,General Fitness,3928,6,606,2304,134.1
54,Male,150,79.7,35.4,Muscle Gain,3587,6,540,2238,81.3
23,Male,181,61.7,18.8,Maintenance,3532,2,100,1186,62.4
43,Male,175,77.4,25.3,General Fitness,1076,5,460,1925,77.9
51,Female,178,73.3,23.1,Maintenance,2656,0,0,0,73.0
23,Male,185,57.6,16.8,General Fitness,3562,2,174,1570,57.4
54,Male,173,100.7,33.6,Weight Loss,2572,7,518,3458,96.8
50,Female,158,87.7,35.1,Weight Loss,3991,3,153,2181,85.0
39,Female,180,126.6,39.1,Maintenance,3706,1,106,387,127.4
38,Female,180,43.2,13.3,Muscle Gain,1091,3,312,1833,43.9
23,Female,197,104.4,26.9,Muscle Gain,2874,7,777,6181,106.2
23,Female,159,116.3,46.0,Weight Loss,4856,1,92,385,115.9
21,Female,152,115.9,50.2,Muscle Gain,1465,0,0,0,116.6
47,Male,170,128.6,44.5,Muscle Gain,3513,2,184,1548,129.7
28,Female,180,112.9,34.8,Muscle Gain,4960,5,365,2500,113.8
47,Male,192,132.8,36.0,Maintenance,4670,7,672,3556,132.8
48,Male,165,73.3,26.9,Maintenance,4111,6,522,2328,72.7
41,Male,172,90.3,30.5,Muscle Gain,3737,6,564,3660,92.1
26,Female,148,41.4,18.9,Weight Loss,2352,2,130,1474,41.6
20,Male,160,40.7,15.9,Muscle Gain,2308,1,35,586,41.1
48,Female,166,64.0,23.2,General Fitness,1946,6,396,4500,64.2
57,Female,156,50.1,20.6,Weight Loss,1553,4,416,1568,47.7
54,Male,160,66.0,25.8,Maintenance,4868,3,252,1086,65.7
53,Female,195,57.7,15.2,General Fitness,4137,5,530,1260,57.6
41,Male,184,42.9,12.7,Muscle Gain,4707,5,520,3370,43.8
48,Male,182,130.9,39.5,Muscle Gain,4728,6,528,2238,131.4
23,Female,186,40.8,11.8,Weight Loss,3040,7,469,2765,41.2
19,Male,181,113.6,34.7,Weight Loss,4703,2,108,820,111.6
37,Male,173,55.2,18.4,Muscle Gain,3156,2,216,1978,55.8
45,Male,162,131.2,50.0,Muscle Gain,4486,1,106,899,132.3
28,Female,154,129.3,54.5,Weight Loss,1091,4,248,2356,126.9
21,Male,186,105.4,30.5,General Fitness,2002,7,294,3549,106.0
32,Female,183,107.2,32.0,Maintenance,1367,7,469,4592,107.8
23,Female,162,40.5,15.4,Weight Loss,1819,7,609,3710,41.2
47,Male,145,138.5,65.9,General Fitness,1422,3,351,2775,138.6
55,Male,183,127.8,38.2,Muscle Gain,1571,4,196,2776,128.0
19,Female,165,129.5,47.6,Maintenance,3909,5,230,2640,129.5
32,Female,145,105.9,50.4,General Fitness,4810,4,212,912,105.9
28,Male,159,74.5,29.5,Maintenance,2263,6,330,5292,74.8
25,Male,148,129.4,59.1,Maintenance,1434,1,69,321,129.6
43,Female,164,69.2,25.7,Maintenance,3259,4,244,2628,70.3
22,Female,154,96.3,40.6,General Fitness,2423,7,749,4319,95.9
23,Female,167,50.0,17.9,General Fitness,2633,3,198,1074,49.9
43,Female,185,132.2,38.6,Muscle Gain,3573,5,575,3985,132.9
21,Female,178,54.1,17.1,Maintenance,2753,0,0,0,52.8
36,Male,190,62.5,17.3,Weight Loss,1467,5,445,1005,61.3
37,Female,192,95.8,26.0,Weight Loss,2193,7,602,5908,91.4
50,Female,177,116.4,37.2,Weight Loss,2842,0,0,0,115.3
37,Male,178,101.9,32.2,General Fitness,1791,3,288,834,101.9
29,Male,183,63.2,18.9,Muscle Gain,3922,5,255,4290,64.4
18,Female,154,40.1,16.9,General Fitness,3257,5,435,4385,40.6
43,Female,198,115.7,29.5,Maintenance,3303,5,570,2570,115.5
31,Male,164,138.5,51.5,Weight Loss,2706,5,545,4745,134.8
55,Female,145,121.0,57.6,General Fitness,1072,1,102,527,121.3
54,Female,157,86.0,34.9,Weight Loss,1146,2,212,950,83.4
28,Male,145,130.4,62.0,General Fitness,4411,5,515,4575,129.8
53,Female,149,81.0,36.5,Weight Loss,1316,1,78,651,80.1
30,Male,160,92.5,36.1,Maintenance,4689,3,342,2292,91.9
60,Male,159,87.7,34.7,Weight Loss,1605,5,390,3425,83.6
20,Male,193,84.8,22.8,Maintenance,1574,4,284,1224,85.6
50,Male,172,117.5,39.7,Maintenance,2177,5,345,3830,117.2
23,Female,175,92.7,30.3,General Fitness,4326,6,600,2670,93.3
27,Male,167,71.7,25.7,General Fitness,4422,5,375,1815,72.0
22,Female,192,65.8,17.8,General Fitness,3594,7,357,5082,66.3
40,Female,189,43.8,12.3,Maintenance,3882,0,0,0,44.5
27,Female,187,98.3,28.1,Muscle Gain,1311,4,200,1344,98.9
19,Female,161,63.0,24.3,Muscle Gain,3855,5,400,1750,63.4
30,Female,193,54.8,14.7,Maintenance,1764,5,215,1895,54.9
57,Male,178,105.4,33.3,Maintenance,4740,5,515,4715,105.5
19,Male,157,108.1,43.9,General Fitness,3181,1,38,686,107.9
37,Male,158,115.2,46.1,General Fitness,3995,7,329,6293,115.1
18,Male,155,90.4,37.6,General Fitness,4200,3,126,651,90.3
54,Female,172,129.4,43.7,Muscle Gain,1435,0,0,0,130.8
26,Male,186,133.6,38.6,Muscle Gain,4351,5,580,1520,134.2
34,Female,176,120.7,39.0,Maintenance,1357,3,162,2751,120.4
26,Female,179,103.6,32.3,Muscle Gain,3977,7,581,6279,105.9
28,Male,175,70.4,23.0,General Fitness,3930,0,0,0,71.3
32,Male,161,138.3,53.4,General Fitness,3299,0,0,0,137.6
41,Male,191,67.4,18.5,General Fitness,1134,6,624,3426,68.0
55,Male,153,60.3,25.8,General Fitness,4914,7,364,2842,60.7
52,Female,154,84.2,35.5,General Fitness,1522,0,0,0,84.0
47,Female,152,45.7,19.8,Weight Loss,1803,7,805,5460,41.6
48,Male,165,137.8,50.6,Maintenance,3707,7,434,2387,138.2
22,Female,157,98.8,40.1,Maintenance,3366,5,355,4585,98.8
31,Female,194,95.7,25.4,Muscle Gain,1079,1,77,885,96.6
28,Female,149,105.6,47.6,General Fitness,4262,5,235,4540,106.0
26,Male,150,89.7,39.9,Weight Loss,2476,5,460,2650,87.3
51,Female,174,43.2,14.3,General Fitness,4415,3,321,2724,43.2
29,Male,175,101.2,33.0,General Fitness,4101,2,80,1878,101.3
52,Male,161,111.6,43.1,Muscle Gain,3461,2,106,940,112.6
52,Female,155,81.7,34.0,Weight Loss,4942,6,540,5460,77.2
18,Female,164,115.7,43.0,Weight Loss,3040,7,651,3668,112.9
57,Male,192,62.7,17.0,Maintenance,1367,2,130,1452,62.3
39,Female,153,62.1,26.5,General Fitness,2006,3,336,2991,63.2
46,Female,146,56.1,26.3,Weight Loss,4812,4,424,3708,53.3
25,Male,181,77.2,23.6,Maintenance,1992,6,492,4476,77.7
28,Male,145,124.7,59.3,Weight Loss,1595,3,336,804,123.5
58,Male,148,122.8,56.1,General Fitness,4573,0,0,0,123.3
54,Male,180,78.3,24.2,Maintenance,4733,5,405,3785,77.0
31,Female,198,98.9,25.2,Weight Loss,2896,4,432,2324,96.4
47,Female,169,112.1,39.2,Muscle Gain,4065,0,0,0,112.4
52,Male,147,64.1,29.7,Weight Loss,3748,6,624,3714,61.2
38,Male,153,56.8,24.3,General Fitness,2044,5,260,3980,55.7
54,Male,166,137.2,49.8,Muscle Gain,3596,5,440,1235,137.6
22,Female,167,101.8,36.5,Weight Loss,3293,6,588,2580,98.6
36,Male,156,138.1,56.7,Weight Loss,3330,0,0,0,136.8
31,Female,154,73.8,31.1,Maintenance,3661,3,345,2028,74.2
43,Male,178,110.3,34.8,General Fitness,3978,2,142,576,109.9
21,Male,187,62.3,17.8,Weight Loss,3853,4,188,3720,59.2
42,Male,154,66.1,27.9,Weight Loss,3279,7,700,1757,63.9
59,Female,174,91.2,30.1,Weight Loss,3363,6,372,4398,87.1
42,Female,166,72.0,26.1,General Fitness,3885,6,192,3726,72.0
35,Female,150,56.8,25.2,Muscle Gain,2823,5,285,4050,57.3
57,Male,194,66.3,17.6,General Fitness,4407,1,30,645,65.9
25,Female,146,43.6,20.5,Maintenance,3011,5,460,1650,43.6
56,Female,174,110.4,36.5,Maintenance,2999,7,532,5593,110.0
57,Male,146,89.2,41.8,General Fitness,1410,2,132,1694,89.1
31,Male,176,49.4,15.9,Weight Loss,3292,5,575,2865,46.1
49,Female,186,57.2,16.5,Weight Loss,1386,1,77,750,55.3
55,Female,160,50.3,19.6,Muscle Gain,3736,6,288,4374,50.8
50,Female,156,101.3,41.6,General Fitness,2748,3,129,912,102.5
40,Female,145,49.4,23.5,General Fitness,3405,5,480,2930,49.6
32,Male,197,115.4,29.7,Weight Loss,2021,4,448,3428,112.7
50,Male,152,42.1,18.2,Maintenance,3661,3,342,1605,42.1
42,Male,192,64.9,17.6,Maintenance,3845,1,94,935,63.8
34,Female,194,129.1,34.3,Muscle Gain,3069,0,0,0,130.2
50,Female,157,111.9,45.4,Muscle Gain,1018,5,195,1000,113.5
19,Male,159,47.3,18.7,Maintenance,4358,7,742,5796,46.9
31,Male,197,122.1,31.5,General Fitness,1275,6,594,4422,121.8
57,Female,188,89.3,25.3,Muscle Gain,1658,6,432,3810,90.7
57,Female,152,124.7,54.0,Weight Loss,3945,3,297,2085,123.5
56,Male,154,100.1,42.2,General Fitness,1551,5,545,1055,100.4
23,Male,190,108.2,30.0,Weight Loss,1678,7,707,3451,105.0
23,Male,149,139.4,62.8,Muscle Gain,1602,4,352,2828,140.2
20,Female,194,63.2,16.8,Maintenance,4143,5,160,4400,63.2
24,Female,163,102.4,38.5,Muscle Gain,1364,3,102,2292,102.5
25,Female,191,86.0,23.6,Maintenance,2973,2,228,1960,86.0
59,Female,182,43.9,13.3,General Fitness,1794,3,321,2877,44.0
32,Female,155,41.4,17.2,Muscle Gain,2358,1,112,327,42.4
46,Female,197,51.9,13.4,Muscle Gain,3699,3,198,825,51.9
50,Male,187,104.9,30.0,Muscle Gain,2774,6,678,2808,105.5
47,Male,164,96.7,36.0,General Fitness,1589,4,324,1380,95.8
56,Female,164,95.3,35.4,Weight Loss,1198,3,285,1806,94.3
44,Male,165,43.2,15.9,Weight Loss,3064,3,276,2094,40.9
53,Female,162,86.9,33.1,Maintenance,1217,4,144,3036,87.2
46,Male,194,132.5,35.2,Muscle Gain,1740,3,246,1194,132.7
55,Female,154,79.8,33.6,Weight Loss,4923,6,210,4692,76.8
50,Male,178,102.5,32.4,General Fitness,1649,4,144,2808,103.2
54,Male,170,118.0,40.8,Muscle Gain,3194,6,438,4818,118.8
44,Female,174,118.4,39.1,Maintenance,4281,6,282,3612,118.3
50,Female,153,91.9,39.3,Weight Loss,1669,6,498,2448,89.9
21,Male,190,125.8,34.8,General Fitness,2437,1,58,541,125.6
39,Male,195,79.1,20.8,General Fitness,1664,4,448,988,79.3
19,Female,175,128.9,42.1,Maintenance,1855,1,54,740,129.0
27,Male,186,64.0,18.5,Weight Loss,3377,1,92,375,62.8
22,Female,199,68.0,17.2,Muscle Gain,1894,7,679,4970,69.4
27,Female,148,45.3,20.7,General Fitness,2893,4,168,872,44.9
50,Male,150,119.6,53.2,Maintenance,4423,3,183,2082,119.8
55,Female,158,81.7,32.7,General Fitness,2186,5,280,2770,81.8
30,Male,148,62.9,28.7,General Fitness,2842,7,560,5306,63.4
48,Male,170,63.2,21.9,Weight Loss,3148,2,126,1088,61.8
53,Female,191,130.1,35.7,Weight Loss,1326,5,285,1295,128.1
41,Male,192,123.4,33.5,Muscle Gain,3374,6,612,5322,125.0
32,Female,183,95.4,28.5,General Fitness,4226,4,404,3864,95.8
46,Female,161,101.6,39.2,Maintenance,3057,3,342,1284,101.5
25,Female,163,87.4,32.9,General Fitness,3400,1,59,346,87.8
22,Male,195,79.2,20.8,Maintenance,1182,0,0,0,79.3
46,Female,193,131.5,35.3,General Fitness,1454,2,84,1064,132.1
21,Male,150,52.6,23.4,Maintenance,2669,7,777,6650,52.9
29,Female,173,81.8,27.3,General Fitness,1005,7,651,3717,83.1
19,Female,155,74.5,31.0,General Fitness,4404,5,335,3160,73.9
44,Female,160,89.8,35.1,Muscle Gain,2356,7,357,4186,91.0
48,Male,174,85.8,28.3,Weight Loss,4329,3,180,2697,84.0
53,Male,169,91.9,32.2,Weight Loss,1210,6,426,3204,89.3
53,Female,184,54.0,15.9,Maintenance,1050,2,182,816,53.2
43,Female,155,91.3,38.0,General Fitness,2468,6,558,3660,90.6
60,Male,151,64.2,28.2,General Fitness,4730,0,0,0,64.6
44,Male,170,58.4,20.2,Weight Loss,2009,0,0,0,57.3
22,Male,200,46.5,11.6,Maintenance,1376,7,511,5586,45.6
37,Female,166,116.3,42.2,Muscle Gain,3687,0,0,0,117.7
28,Male,169,82.7,29.0,Muscle Gain,4557,5,345,1895,83.0
27,Female,163,102.7,38.7,Muscle Gain,3817,6,702,3684,103.4
57,Male,175,112.8,36.8,General Fitness,2074,4,280,3824,112.5
55,Female,170,107.9,37.3,Maintenance,1153,7,707,3815,107.9
23,Female,186,87.1,25.2,Weight Loss,1581,2,158,1436,85.3
25,Female,185,78.8,23.0,General Fitness,1787,4,196,3920,78.5
40,Male,180,77.6,24.0,General Fitness,1790,6,660,3822,77.7
43,Male,167,104.0,37.3,Muscle Gain,4381,0,0,0,104.9
60,Male,191,89.5,24.5,Maintenance,4470,3,213,1809,89.6
29,Female,157,124.9,50.7,Maintenance,3181,0,0,0,124.7
43,Female,169,127.5,44.6,Muscle Gain,3267,4,368,3908,127.8
30,Male,146,57.1,26.8,Muscle Gain,1162,0,0,0,56.7
57,Female,146,53.6,25.1,Muscle Gain,1970,6,564,3474,53.9
35,Female,160,103.0,40.2,General Fitness,1647,0,0,0,102.7
42,Female,153,70.1,29.9,General Fitness,3616,4,468,2480,70.5
50,Male,172,41.9,14.2,General Fitness,2525,4,140,1516,41.9
57,Female,157,128.9,52.3,Weight Loss,1945,6,216,5022,124.5
60,Male,179,62.7,19.6,Weight Loss,1688,7,266,3374,60.7
29,Male,185,132.9,38.8,Maintenance,3162,7,630,4319,133.0
53,Male,157,111.7,45.3,Muscle Gain,2522,3,327,1665,112.6
21,Male,175,116.3,38.0,Muscle Gain,2495,4,252,3604,117.9
22,Male,165,60.1,22.1,General Fitness,3047,6,384,1290,60.4
54,Female,176,63.4,20.5,Weight Loss,2172,7,343,3598,60.9
25,Male,198,92.1,23.5,Muscle Gain,4312,7,609,5124,92.8
59,Male,178,57.2,18.1,Maintenance,1122,3,348,645,57.0
45,Male,152,70.5,30.5,Muscle Gain,1803,1,89,664,71.9
48,Female,185,72.1,21.1,General Fitness,3886,6,498,3972,71.8
26,Female,192,56.0,15.2,General Fitness,2092,1,64,980,56.9
46,Female,146,60.5,28.4,Weight Loss,3873,4,304,2976,56.2
31,Female,182,118.9,35.9,Maintenance,1062,7,525,6251,118.5
57,Male,176,56.7,18.3,Maintenance,1732,0,0,0,57.2
58,Male,198,42.8,10.9,Muscle Gain,4087,2,66,1220,44.6
39,Female,184,102.9,30.4,Maintenance,4461,0,0,0,103.1
28,Female,172,137.6,46.5,Muscle Gain,3637,4,416,1056,137.9
40,Female,181,73.1,22.3,Muscle Gain,2657,3,207,2817,73.8
18,Female,185,51.9,15.2,Weight Loss,1947,6,504,3996,47.4
54,Male,145,97.0,46.1,Maintenance,4329,0,0,0,97.5
38,Female,185,130.6,38.2,General Fitness,3264,1,69,471,130.3
43,Female,154,118.4,49.9,Muscle Gain,1478,7,735,4466,118.9
53,Female,199,102.3,25.8,Muscle Gain,2137,5,550,3645,103.1
40,Female,148,71.5,32.6,Muscle Gain,4953,7,364,6503,72.3
18,Female,179,94.2,29.4,Maintenance,2996,4,176,1888,93.7
57,Female,154,49.1,20.7,Maintenance,2403,7,238,4606,49.9
32,Female,191,107.9,29.6,Maintenance,4729,0,0,0,108.1
38,Male,155,112.5,46.8,Muscle Gain,1976,5,235,3835,113.9
26,Male,158,136.5,54.7,General Fitness,1236,0,0,0,136.7
26,Male,182,66.0,19.9,General Fitness,3523,3,324,2088,65.6
27,Male,156,41.8,17.2,Maintenance,2954,3,96,2982,41.2
43,Male,189,94.6,26.5,General Fitness,1597,3,225,2199,94.8
58,Male,161,110.7,42.7,Muscle Gain,2702,5,595,1355,111.9
52,Female,160,119.0,46.5,Maintenance,3176,2,216,742,118.6
42,Female,179,59.4,18.5,Maintenance,3557,5,410,4170,59.0
43,Male,146,66.2,31.1,Muscle Gain,1164,4,196,3208,66.8
28,Female,155,91.3,38.0,Maintenance,3324,4,352,3740,91.5
55,Male,185,73.1,21.4,Muscle Gain,3304,1,50,491,73.8
19,Female,147,126.1,58.4,Maintenance,4203,1,119,451,125.8
24,Female,173,87.4,29.2,General Fitness,4039,4,464,2432,87.8
35,Female,162,120.0,45.7,Maintenance,1569,0,0,0,120.3
44,Female,164,98.1,36.5,Maintenance,4328,4,216,1820,98.1
51,Female,191,117.3,32.2,Maintenance,1140,6,582,4344,116.4
44,Female,158,73.3,29.4,Weight Loss,1685,2,78,1278,70.9
34,Male,178,123.1,38.9,General Fitness,1686,1,115,534,123.5
60,Male,193,67.5,18.1,Muscle Gain,4280,1,96,829,68.8
41,Female,198,94.6,24.1,Weight Loss,3763,6,672,3804,91.8
42,Male,175,61.4,20.0,General Fitness,4070,7,266,6223,60.8
24,Female,184,87.6,25.9,Maintenance,4590,6,348,3960,86.6
23,Male,186,71.8,20.8,Maintenance,3038,5,330,2535,71.1
41,Female,162,66.7,25.4,Muscle Gain,2074,6,600,5232,68.7
50,Male,174,136.7,45.2,Muscle Gain,2526,7,469,2058,137.8
46,Female,169,56.0,19.6,General Fitness,2282,1,117,608,55.4
60,Male,163,118.7,44.7,General Fitness,3225,4,404,1468,118.7
39,Female,152,138.4,59.9,Muscle Gain,1921,1,88,286,139.7
43,Male,172,42.0,14.2,General Fitness,3590,6,516,1212,42.0
45,Female,152,109.9,47.6,Muscle Gain,4427,6,714,3426,110.1
38,Female,175,65.3,21.3,Maintenance,2341,7,623,5089,65.4
24,Female,147,44.0,20.4,Muscle Gain,2689,6,342,5046,44.7
34,Male,147,80.3,37.2,Weight Loss,4010,7,399,1554,78.9
37,Male,188,133.5,37.8,Muscle Gain,1363,1,75,297,135.7
58,Male,166,41.2,15.0,Muscle Gain,2078,6,600,5214,41.9
37,Female,161,98.8,38.1,Weight Loss,4227,5,480,4750,95.3
39,Male,180,90.1,27.8,Weight Loss,2067,4,460,2884,87.5
45,Female,161,127.3,49.1,Weight Loss,3640,0,0,0,126.1
57,Male,158,48.4,19.4,Weight Loss,4749,7,469,5131,44.6
24,Male,195,108.2,28.5,Muscle Gain,3030,6,282,3396,108.3
18,Male,153,108.0,46.1,General Fitness,3589,1,105,383,107.6
49,Male,174,106.9,35.3,Weight Loss,3369,1,92,616,105.2
30,Female,165,134.2,49.3,Maintenance,3695,6,204,5568,133.9
47,Male,156,122.3,50.3,Muscle Gain,3061,1,73,413,122.6
40,Male,181,44.2,13.5,General Fitness,2380,6,348,5214,44.0
36,Female,176,87.1,28.1,Maintenance,2506,2,86,818,86.6
49,Female,155,79.8,33.2,Muscle Gain,1617,4,348,1328,80.8
47,Male,164,71.0,26.4,Muscle Gain,1358,6,438,1512,71.0
46,Male,179,85.1,26.6,Maintenance,2341,1,47,940,85.1
46,Female,197,78.4,20.2,Weight Loss,4146,2,72,1788,76.3
47,Female,191,83.2,22.8,Weight Loss,2982,0,0,0,81.6
33,Female,190,137.9,38.2,Maintenance,2614,0,0,0,137.9
57,Male,155,48.9,20.4,General Fitness,1193,7,518,5614,49.1
36,Male,196,132.2,34.4,Weight Loss,1362,5,225,4150,129.0
35,Male,152,88.0,38.1,Muscle Gain,2119,6,558,3954,89.1
18,Female,148,102.4,46.7,Muscle Gain,2063,5,330,4245,103.2
31,Female,171,123.0,42.1,General Fitness,3815,5,270,3405,123.9
19,Female,188,76.0,21.5,Muscle Gain,3444,2,76,638,77.2
45,Male,184,83.0,24.5,Weight Loss,1106,0,0,0,82.3
47,Female,182,81.0,24.5,General Fitness,4088,5,285,2035,80.9
55,Male,191,77.5,21.2,Weight Loss,1526,3,114,1551,76.1
21,Female,174,132.6,43.8,General Fitness,2952,5,205,2685,133.0
18,Male,188,122.9,34.8,Maintenance,4058,0,0,0,122.5
25,Male,192,50.9,13.8,Muscle Gain,1783,7,833,6818,52.6
46,Female,192,50.8,13.8,General Fitness,4570,3,255,1062,50.5
56,Male,171,82.8,28.3,Maintenance,3572,7,833,4151,82.8
20,Female,165,49.9,18.3,Weight Loss,2782,7,721,4928,45.4
49,Male,196,101.9,26.5,Maintenance,2749,2,174,1024,102.5
27,Female,164,54.4,20.2,Weight Loss,4734,6,660,5982,50.7
27,Female,148,92.2,42.1,General Fitness,4875,6,480,2748,92.2
36,Male,155,40.7,16.9,General Fitness,2066,3,183,1068,40.7
51,Female,157,71.7,29.1,Muscle Gain,3673,0,0,0,73.0
50,Male,153,107.7,46.0,Muscle Gain,2865,1,77,276,109.4
40,Female,148,88.4,40.4,General Fitness,4664,3,111,1614,87.4
45,Female,156,137.8,56.6,Weight Loss,3397,0,0,0,136.6
49,Female,153,127.4,54.4,Weight Loss,4724,5,275,2965,124.1
24,Female,157,75.9,30.8,General Fitness,4101,7,371,2933,75.7
46,Male,192,44.5,12.1,Weight Loss,2464,1,56,943,42.0
25,Female,170,124.6,43.1,General Fitness,2005,2,216,1264,124.9
18,Female,182,131.1,39.6,Muscle Gain,3589,6,624,3924,131.7
20,Male,186,122.1,35.3,Weight Loss,4526,2,136,1706,120.5
41,Male,157,52.8,21.4,Muscle Gain,4849,4,380,3848,53.6
40,Male,183,139.8,41.7,Maintenance,2634,2,160,678,139.2
25,Male,172,65.9,22.3,Muscle Gain,4009,4,408,2788,66.0
54,Male,163,112.4,42.3,Maintenance,1093,2,158,1706,112.4
20,Male,168,130.8,46.3,Muscle Gain,4794,2,148,1680,132.3
50,Female,163,63.6,23.9,Muscle Gain,4366,2,232,1458,65.4
45,Male,193,130.8,35.1,Weight Loss,4620,4,248,3816,127.2
25,Female,157,70.9,28.8,Muscle Gain,3043,5,240,4375,72.6
51,Male,157,137.6,55.8,General Fitness,3946,4,168,1180,138.1
52,Female,172,68.1,23.0,Weight Loss,1088,7,749,1589,67.0
49,Female,197,135.3,34.9,Weight Loss,2953,3,153,1287,133.7
41,Female,146,45.4,21.3,Weight Loss,3550,0,0,0,44.5
31,Male,154,110.9,46.8,Muscle Gain,3814,0,0,0,111.4
49,Male,166,93.2,33.8,Weight Loss,3041,5,565,1120,91.4
60,Male,157,87.8,35.6,Maintenance,3261,0,0,0,88.0
33,Male,153,62.3,26.6,Maintenance,2445,2,238,1206,62.7
21,Female,177,110.6,35.3,Muscle Gain,1525,5,305,4360,111.0
54,Male,158,59.1,23.7,Weight Loss,3239,0,0,0,57.5
38,Female,192,95.3,25.9,General Fitness,2830,4,220,1456,94.5
31,Female,164,65.3,24.3,General Fitness,3741,3,333,1221,65.6
48,Male,159,135.6,53.6,Maintenance,3689,1,116,813,135.3
35,Male,176,42.9,13.8,Muscle Gain,4295,3,351,1716,44.0
24,Male,177,60.0,19.2,Muscle Gain,1554,0,0,0,61.5
27,Female,161,64.2,24.8,Muscle Gain,4764,5,480,1340,65.8
24,Male,168,81.4,28.8,Muscle Gain,3434,6,432,4314,82.1
50,Female,174,63.3,20.9,Muscle Gain,1680,0,0,0,64.1
40,Male,157,89.1,36.1,Weight Loss,3823,4,180,2208,86.3
38,Female,191,127.2,34.9,Weight Loss,2497,3,300,900,125.4
36,Male,192,111.2,30.2,Weight Loss,2631,6,408,1200,110.3
36,Male,160,98.0,38.3,General Fitness,1202,4,460,2200,98.0
53,Female,146,48.9,22.9,Weight Loss,4057,7,490,1442,46.7
46,Male,161,109.4,42.2,Muscle Gain,1446,7,420,3619,110.6
35,Male,176,56.6,18.3,Muscle Gain,4904,4,312,3288,56.7
19,Male,187,118.6,33.9,General Fitness,4918,1,42,708,118.2
18,Male,152,65.0,28.1,General Fitness,3947,4,280,1540,64.5
22,Male,196,81.7,21.3,Maintenance,4139,6,342,5562,81.5
37,Male,147,75.0,34.7,General Fitness,2115,4,372,2644,75.9
28,Male,156,125.9,51.7,Maintenance,1777,1,48,542,125.7
59,Female,164,52.7,19.6,Weight Loss,4914,7,812,5838,48.2
19,Female,160,96.6,37.7,Muscle Gain,3225,2,202,1824,97.7
20,Male,158,54.2,21.7,Maintenance,2686,6,324,1242,54.3
40,Male,160,110.5,43.2,Maintenance,1828,2,134,1550,111.3
29,Male,197,130.5,33.6,Maintenance,1558,6,714,2010,131.1
37,Female,193,83.5,22.4,General Fitness,4074,5,160,2910,83.1
22,Female,187,88.8,25.4,General Fitness,3022,1,31,385,88.3
54,Male,193,132.7,35.6,General Fitness,1102,5,170,4190,131.6
55,Female,195,92.1,24.2,Maintenance,2296,5,450,2855,92.8
47,Male,198,88.8,22.7,Weight Loss,2557,7,343,5320,84.8
26,Male,177,97.8,31.2,Muscle Gain,1115,4,420,1460,98.3
51,Male,174,108.9,36.0,General Fitness,1858,5,335,4190,108.6
52,Male,156,50.7,20.8,Weight Loss,4983,0,0,0,50.6
39,Female,159,122.1,48.3,General Fitness,3511,6,390,5328,121.6
41,Female,162,83.6,31.9,General Fitness,1103,7,525,6398,82.9
34,Male,172,47.2,16.0,Maintenance,3306,3,198,1068,46.2
27,Female,167,118.6,42.5,Maintenance,2331,0,0,0,119.2
47,Female,158,77.7,31.1,General Fitness,4438,0,0,0,77.9
40,Male,174,50.0,16.5,Muscle Gain,1928,4,200,908,51.3
49,Female,177,103.4,33.0,General Fitness,3857,3,297,1650,104.0
34,Male,189,128.0,35.8,Muscle Gain,3689,5,565,1410,129.9
34,Male,159,128.8,50.9,Weight Loss,1806,3,267,2469,126.8
31,Male,151,135.8,59.6,General Fitness,4070,5,325,4325,136.4
26,Male,159,126.8,50.2,Muscle Gain,4373,2,212,1138,128.3
57,Female,196,40.2,10.5,Weight Loss,1559,1,40,740,41.8
19,Male,186,78.0,22.5,Weight Loss,3074,4,468,2376,75.3
42,Female,190,121.9,33.8,Maintenance,3555,5,560,3395,121.9
56,Male,182,76.6,23.1,Weight Loss,1526,5,580,2060,74.6
26,Male,190,100.2,27.8,Maintenance,3822,3,180,2439,101.0
39,Female,200,100.6,25.2,Weight Loss,4436,4,264,2236,97.4
60,Male,198,76.5,19.5,Weight Loss,1952,6,534,2478,73.8
21,Female,188,130.4,36.9,Muscle Gain,1297,5,450,2515,131.3
43,Female,155,90.3,37.6,Muscle Gain,1776,2,192,708,91.6
46,Male,173,86.5,28.9,Maintenance,1360,0,0,0,86.7
51,Male,175,139.8,45.6,General Fitness,4717,5,480,1995,139.3
40,Male,169,89.4,31.3,Muscle Gain,1503,3,324,2637,90.9
54,Male,196,57.8,15.0,Weight Loss,2976,6,600,2622,55.0
28,Male,198,91.3,23.3,Maintenance,3635,7,672,6090,91.1
23,Male,168,121.4,43.0,Maintenance,3077,2,90,1808,121.4
35,Female,163,117.7,44.3,Maintenance,2462,4,296,1464,117.5
38,Female,146,118.9,55.8,Weight Loss,4411,5,315,2125,116.6
59,Male,166,110.8,40.2,Muscle Gain,3173,2,226,900,111.7
53,Female,164,65.4,24.3,General Fitness,1595,7,511,3353,64.7
58,Female,177,126.2,40.3,Maintenance,2589,2,214,1350,126.2
55,Male,152,129.3,56.0,Weight Loss,2389,6,426,4182,125.3
51,Male,169,59.4,20.8,Muscle Gain,4866,2,128,1864,60.5
34,Female,190,53.0,14.7,Muscle Gain,2875,2,208,1468,53.5
54,Male,153,137.6,58.8,General Fitness,4514,6,678,5400,138.1
42,Female,178,126.8,40.0,Maintenance,1262,6,354,3660,126.6
55,Male,167,129.3,46.4,Weight Loss,3983,7,574,6881,123.7
29,Female,149,128.6,57.9,Muscle Gain,3919,6,522,3768,129.1
40,Female,199,94.2,23.8,Weight Loss,4293,2,114,1476,92.4
59,Female,169,104.6,36.6,Muscle Gain,2863,2,88,1284,105.8
39,Female,152,94.5,40.9,Maintenance,1001,1,67,409,94.4
38,Male,160,45.1,17.6,Maintenance,2933,4,316,2984,43.8
44,Male,198,114.6,29.2,General Fitness,1393,0,0,0,114.4
48,Female,192,90.5,24.5,Muscle Gain,1305,4,256,2760,89.9
23,Female,189,104.8,29.3,Weight Loss,2169,3,159,2010,102.1
44,Male,196,90.3,23.5,Muscle Gain,1529,3,282,2655,91.5
57,Male,159,89.2,35.3,Weight Loss,1527,7,819,6503,84.6
51,Female,145,57.2,27.2,General Fitness,4379,6,282,4602,57.4
29,Female,166,67.9,24.6,Muscle Gain,1964,4,348,3452,69.1
24,Female,147,55.9,25.9,Maintenance,1670,2,110,1324,56.0
27,Female,182,59.6,18.0,Weight Loss,4411,1,58,749,57.5
34,Female,198,137.3,35.0,Maintenance,4990,0,0,0,137.5
43,Male,158,55.3,22.2,General Fitness,3399,5,365,1985,56.0
38,Female,180,66.9,20.6,General Fitness,3857,5,595,3600,67.0
45,Male,162,99.1,37.8,Weight Loss,3256,2,68,1396,96.3
19,Male,191,101.0,27.7,Muscle Gain,1957,4,248,2840,102.0
60,Male,185,55.4,16.2,Maintenance,3252,5,170,4445,54.9
18,Female,162,119.4,45.5,Maintenance,3672,4,260,2096,119.9
53,Male,147,118.5,54.8,Weight Loss,2713,1,106,887,116.9
43,Male,154,63.7,26.9,Weight Loss,1720,1,110,666,63.0
46,Male,193,68.9,18.5,Weight Loss,1635,6,252,5832,64.1
38,Male,183,133.8,40.0,General Fitness,2038,4,216,3180,132.9
28,Female,191,122.6,33.6,General Fitness,3905,6,522,2028,122.6
57,Female,145,109.8,52.2,Maintenance,4499,2,62,882,108.9
28,Male,171,48.2,16.5,Muscle Gain,3523,6,702,3090,49.8
53,Male,171,81.8,28.0,Weight Loss,3345,2,130,1732,80.2
56,Female,155,95.9,39.9,General Fitness,1556,2,108,1864,95.7
57,Female,193,58.7,15.8,Muscle Gain,2117,5,315,1670,58.9
52,Female,149,84.8,38.2,Weight Loss,3154,0,0,0,83.4
51,Male,151,100.1,43.9,Muscle Gain,4490,0,0,0,101.9
41,Female,163,72.7,27.4,Weight Loss,4349,2,132,1556,71.1
39,Male,200,118.1,29.5,Muscle Gain,1127,4,120,1072,120.0
22,Male,173,124.0,41.4,Maintenance,2993,1,89,638,124.3
50,Female,159,72.4,28.6,Weight Loss,3506,6,576,1656,70.6
53,Male,179,123.9,38.7,Weight Loss,1037,7,546,4193,120.5
37,Female,191,50.4,13.8,Maintenance,2632,3,357,1719,50.8
36,Male,181,123.8,37.8,Weight Loss,1197,1,108,211,122.7
52,Female,199,55.3,14.0,Weight Loss,4775,1,75,686,54.2
60,Male,156,48.3,19.8,General Fitness,3404,3,231,2982,47.9
34,Male,174,104.2,34.4,Maintenance,3054,2,194,1914,105.0
60,Female,164,87.2,32.4,General Fitness,4627,1,48,948,87.1
51,Female,181,130.8,39.9,Maintenance,4403,3,351,2889,130.9
26,Female,147,76.3,35.3,Muscle Gain,1518,6,414,3696,76.4
43,Female,153,68.7,29.3,Maintenance,3241,5,175,2030,68.5
19,Male,185,90.1,26.3,Maintenance,3363,4,436,2160,89.8
26,Female,183,85.6,25.6,General Fitness,2024,4,368,3276,85.9
26,Female,170,74.4,25.7,Weight Loss,2085,4,256,3680,69.9
57,Male,146,109.4,51.3,Maintenance,3390,2,202,1020,109.2
34,Female,167,116.0,41.6,Weight Loss,3648,1,90,507,114.8
18,Female,167,125.3,44.9,Maintenance,2041,7,238,3444,125.7
42,Male,165,137.3,50.4,General Fitness,1619,1,66,824,137.7
60,Female,160,66.7,26.1,Maintenance,4718,0,0,0,67.2
57,Female,153,111.6,47.7,Muscle Gain,2394,4,472,2904,112.8
59,Female,157,79.4,32.2,Maintenance,3869,2,234,1078,79.4
42,Female,172,107.7,36.4,Maintenance,4650,3,120,846,107.0
56,Female,171,87.6,30.0,Weight Loss,4676,2,138,1552,85.4
52,Female,195,139.4,36.7,Weight Loss,4721,7,658,4557,136.2
20,Male,196,112.9,29.4,Muscle Gain,4772,1,37,202,113.8
54,Female,161,135.2,52.2,Maintenance,2594,6,696,3930,135.9
47,Male,182,123.5,37.3,Weight Loss,2722,6,678,2610,121.4
55,Male,180,130.3,40.2,Maintenance,1234,6,240,3528,130.4
51,Male,145,121.4,57.7,General Fitness,4140,4,400,2368,121.2
29,Male,162,85.9,32.7,General Fitness,1446,0,0,0,86.1
36,Female,195,65.2,17.1,Muscle Gain,1609,7,539,6706,66.1
54,Female,153,77.0,32.9,General Fitness,1007,5,210,4730,77.6
34,Female,157,42.0,17.0,Weight Loss,1461,2,178,458,40.7
27,Male,184,92.4,27.3,Weight Loss,1999,0,0,0,91.7
29,Female,199,90.5,22.9,Muscle Gain,2334,6,576,2082,92.3
33,Female,189,92.5,25.9,Maintenance,1133,7,252,5628,92.9
41,Female,159,137.4,54.3,Weight Loss,3432,7,742,3374,134.3
36,Male,187,131.1,37.5,General Fitness,1055,1,54,928,131.6
25,Male,188,56.2,15.9,Weight Loss,1992,3,156,1311,55.4
48,Female,190,76.9,21.3,Muscle Gain,2383,2,160,1876,77.4
38,Male,148,82.4,37.6,General Fitness,2994,5,380,4650,83.2
34,Male,177,76.1,24.3,General Fitness,4185,1,34,518,76.0
40,Female,168,119.8,42.4,General Fitness,2111,4,168,2144,120.3
54,Male,180,92.4,28.5,Muscle Gain,3185,2,142,460,92.7
33,Male,195,97.2,25.6,Muscle Gain,4179,7,238,5775,99.2
23,Female,185,125.3,36.6,Maintenance,2523,0,0,0,125.9
25,Male,154,120.6,50.9,Maintenance,3582,6,546,4824,119.7
42,Male,180,53.2,16.4,Maintenance,1143,2,60,812,53.6
35,Male,164,111.4,41.4,Muscle Gain,3916,1,103,428,112.7
42,Male,185,83.5,24.4,General Fitness,3703,1,83,782,84.2
29,Male,189,69.5,19.5,General Fitness,3103,6,606,3246,70.4
32,Male,188,45.0,12.7,Weight Loss,1619,0,0,0,43.8
43,Male,155,88.7,36.9,Maintenance,2886,5,560,1675,88.7
58,Male,156,75.5,31.0,General Fitness,2029,1,93,483,74.7
43,Female,162,65.2,24.8,General Fitness,3589,2,160,1100,66.3
49,Female,174,109.5,36.2,General Fitness,3494,6,186,1296,109.2
27,Female,188,116.9,33.1,General Fitness,3020,5,390,2070,116.7
33,Female,192,64.5,17.5,Muscle Gain,2408,0,0,0,64.7
24,Male,181,44.9,13.7,Maintenance,4378,1,103,598,45.8
34,Female,164,124.9,46.4,General Fitness,3921,6,654,3678,124.4
40,Female,169,41.0,14.4,General Fitness,4928,1,113,443,40.6
43,Male,156,133.7,54.9,General Fitness,1638,2,64,588,133.4
38,Male,165,102.8,37.8,General Fitness,4373,1,64,832,103.5
39,Male,169,72.2,25.3,Weight Loss,2656,6,684,1230,70.0
24,Male,155,64.6,26.9,General Fitness,4476,2,130,1958,64.9
31,Male,153,40.9,17.5,General Fitness,3658,4,372,1144,40.0
32,Female,194,63.5,16.9,General Fitness,4749,6,366,2328,62.9
24,Male,169,53.8,18.8,Weight Loss,1836,5,235,4070,50.7
26,Female,179,101.2,31.6,Muscle Gain,4902,2,126,1630,102.2
25,Female,196,56.7,14.8,Weight Loss,4824,3,255,1857,53.3
40,Male,176,92.9,30.0,General Fitness,2585,1,96,266,93.3
46,Female,193,99.0,26.6,Muscle Gain,1779,4,328,3268,100.0
35,Female,158,69.8,28.0,General Fitness,1836,5,480,2235,70.4
48,Male,145,43.5,20.7,Muscle Gain,3557,0,0,0,44.2
47,Female,161,43.7,16.9,General Fitness,4144,3,279,1212,43.7
56,Female,169,42.6,14.9,General Fitness,3859,0,0,0,42.9
52,Female,152,113.9,49.3,Muscle Gain,3611,6,660,1692,114.9
35,Male,149,71.8,32.3,Muscle Gain,1264,3,204,1869,73.2
59,Male,149,119.6,53.9,General Fitness,4298,7,469,1967,120.1
56,Male,185,83.2,24.3,Weight Loss,2216,4,276,3992,79.3
34,Female,179,85.3,26.6,Weight Loss,2397,5,240,3740,82.7
31,Male,163,91.3,34.4,Weight Loss,4822,4,448,3696,88.0
48,Female,167,111.3,39.9,Weight Loss,3057,4,136,2744,109.4
41,Male,153,67.4,28.8,Muscle Gain,1301,3,294,996,68.3
52,Female,198,52.2,13.3,Muscle Gain,4430,2,86,628,52.6
51,Male,174,95.6,31.6,Weight Loss,4811,5,390,2880,92.7
20,Male,194,72.7,19.3,Maintenance,2977,0,0,0,72.7
54,Female,160,84.2,32.9,Maintenance,1804,2,172,662,84.2
60,Male,177,104.7,33.4,Maintenance,2075,2,128,1146,105.0
57,Female,146,89.4,41.9,General Fitness,2775,1,114,353,89.0
43,Male,158,102.0,40.9,Weight Loss,1098,6,204,3732,99.1
40,Male,190,94.4,26.1,General Fitness,3640,0,0,0,95.4
56,Female,145,114.0,54.2,Muscle Gain,4084,3,204,2679,115.4
32,Female,170,110.6,38.3,Muscle Gain,2413,6,318,2076,111.1
21,Female,169,93.4,32.7,Maintenance,2977,7,483,6531,93.6
46,Male,160,107.9,42.1,Maintenance,1356,1,79,993,107.7
39,Female,159,127.4,50.4,Muscle Gain,2663,1,106,326,128.4
42,Male,170,83.2,28.8,Maintenance,4887,6,522,3042,82.6
30,Female,191,81.3,22.3,Maintenance,3975,7,210,6398,81.5
35,Female,188,116.4,32.9,Muscle Gain,1010,4,288,1268,117.4
50,Female,160,98.3,38.4,General Fitness,1080,3,204,2316,99.8
33,Female,158,47.1,18.9,Maintenance,4332,2,78,860,47.4
59,Female,173,129.2,43.2,General Fitness,3053,7,217,4550,129.2
19,Female,168,43.1,15.3,Maintenance,4529,7,644,4893,44.2
52,Male,191,114.8,31.5,Weight Loss,3420,5,225,4305,111.4
59,Female,199,115.9,29.3,General Fitness,3528,2,132,688,116.2
51,Male,159,135.3,53.5,General Fitness,1221,7,315,5754,135.2
47,Female,163,45.4,17.1,Maintenance,2940,2,232,1756,45.4
30,Female,152,99.7,43.2,General Fitness,4881,4,476,3600,99.7
30,Female,178,82.8,26.1,Weight Loss,4152,2,218,496,81.0
35,Male,146,73.1,34.3,Muscle Gain,2946,0,0,0,74.3
49,Male,171,49.0,16.8,Weight Loss,1514,2,184,584,46.7
49,Female,154,96.3,40.6,Muscle Gain,4131,2,186,1670,97.6
52,Male,179,87.9,27.4,Weight Loss,1220,7,427,2373,85.3
56,Female,167,50.5,18.1,Weight Loss,3396,7,266,3591,48.0
46,Female,193,101.2,27.2,General Fitness,4632,0,0,0,101.8
46,Male,152,113.8,49.3,Weight Loss,1227,4,396,2588,110.5
33,Male,172,116.7,39.4,Maintenance,3337,1,59,594,116.2
27,Male,167,130.5,46.8,Maintenance,1292,3,132,2112,130.9
47,Male,148,80.9,36.9,Maintenance,3857,4,352,2308,80.7
42,Female,158,135.3,54.2,Maintenance,4264,7,539,3920,135.3
56,Male,197,126.5,32.6,General Fitness,1955,2,222,1764,126.6
37,Male,186,69.7,20.1,Maintenance,2497,1,105,747,70.1
22,Female,173,55.9,18.7,Weight Loss,2280,3,267,2523,54.7
18,Male,145,83.5,39.7,Maintenance,2978,3,291,2316,83.4
47,Male,148,80.2,36.6,General Fitness,2529,3,258,2280,80.0
20,Male,176,97.6,31.5,Muscle Gain,1387,7,651,4165,98.0
31,Male,177,98.3,31.4,Weight Loss,3662,0,0,0,96.8
47,Female,193,115.0,30.9,Weight Loss,4469,0,0,0,113.1
21,Female,170,91.0,31.5,General Fitness,3413,1,116,717,91.1
35,Male,161,50.5,19.5,Muscle Gain,3705,2,208,998,51.3
54,Male,183,125.8,37.6,Maintenance,3337,6,498,2244,125.5
42,Female,167,71.0,25.5,Muscle Gain,4840,1,88,990,71.5
18,Male,176,137.1,44.3,Weight Loss,4380,2,234,1140,135.2
32,Male,196,51.8,13.5,Weight Loss,4349,4,460,2832,48.0
26,Male,159,135.8,53.7,Weight Loss,4535,7,476,2821,133.8
32,Male,157,49.1,19.9,Muscle Gain,1188,6,264,4842,50.6
41,Male,146,63.1,29.6,Maintenance,1917,3,324,1443,63.4
21,Male,163,44.7,16.8,Weight Loss,2201,3,309,2538,42.4
29,Male,168,110.5,39.2,General Fitness,4599,0,0,0,110.5
54,Male,189,125.0,35.0,Maintenance,1923,7,455,1624,124.7
54,Male,168,83.4,29.5,Weight Loss,4035,6,498,1686,81.2
60,Female,155,132.9,55.3,Maintenance,3422,4,184,2728,132.6
23,Female,166,99.0,35.9,General Fitness,2621,5,575,1735,99.4
56,Female,159,103.0,40.7,Muscle Gain,1759,4,464,3224,104.3
41,Male,154,124.5,52.5,Weight Loss,2477,2,102,1388,121.4
28,Male,185,69.7,20.4,General Fitness,3264,4,416,1476,71.0
30,Female,171,75.4,25.8,Weight Loss,2065,6,390,5532,70.8
51,Male,153,130.6,55.8,Weight Loss,1193,6,348,5412,126.9
42,Female,196,130.1,33.9,Muscle Gain,2350,0,0,0,131.4
24,Male,172,137.6,46.5,Muscle Gain,2396,2,142,1158,139.5
21,Female,145,130.2,61.9,Maintenance,2488,1,61,633,130.7
25,Female,161,52.7,20.3,General Fitness,1162,2,86,466,53.4
37,Female,175,122.4,40.0,General Fitness,1275,1,47,762,122.5
46,Male,188,81.0,22.9,Muscle Gain,1363,5,335,4155,82.0
27,Female,154,139.1,58.7,Weight Loss,2665,2,126,674,137.1
60,Male,181,87.2,26.6,Maintenance,3822,3,222,1698,87.9
51,Male,173,95.4,31.9,Muscle Gain,3527,5,580,1525,95.8
43,Male,162,93.0,35.4,Maintenance,3736,1,61,993,92.5
58,Male,191,72.2,19.8,Maintenance,3002,0,0,0,72.0
20,Male,182,47.5,14.3,General Fitness,1459,5,460,4175,47.3
23,Male,183,129.6,38.7,Maintenance,4336,5,420,4405,129.3
22,Male,193,120.3,32.3,General Fitness,3586,5,360,3615,121.1
22,Female,150,54.0,24.0,Weight Loss,4021,1,51,367,52.0
40,Female,184,117.7,34.8,Weight Loss,4457,7,812,1939,116.1
26,Female,156,102.6,42.2,Muscle Gain,3132,1,97,745,103.6
52,Male,197,80.9,20.8,Weight Loss,2731,2,212,816,78.6
37,Male,158,65.4,26.2,General Fitness,2339,3,174,1830,65.3
59,Male,188,126.0,35.6,Maintenance,3290,5,345,1035,126.2
52,Male,199,110.0,27.8,Maintenance,4540,2,148,1872,108.9
35,Female,154,94.8,40.0,Weight Loss,3927,2,78,852,94.1
34,Male,198,101.0,25.8,General Fitness,2365,3,318,1122,100.7
41,Female,164,49.1,18.3,Maintenance,4248,7,518,1960,49.1
20,Male,159,87.4,34.6,Weight Loss,4201,2,92,1986,84.3
49,Female,175,59.4,19.4,General Fitness,1656,7,217,1792,58.8
52,Male,151,60.8,26.7,General Fitness,2106,3,138,1002,61.5
55,Female,185,106.1,31.0,Maintenance,2383,0,0,0,105.2
30,Male,154,131.1,55.3,Muscle Gain,3135,3,201,2013,131.5
42,Female,154,80.4,33.9,Muscle Gain,4603,4,264,1664,81.2
26,Male,192,60.8,16.5,General Fitness,1741,3,276,2814,59.5
21,Female,183,104.9,31.3,General Fitness,2995,3,102,675,104.4
31,Female,172,127.1,43.0,Weight Loss,4032,6,324,2316,125.6
54,Male,174,114.8,37.9,General Fitness,4709,4,408,3316,114.2
51,Female,181,126.9,38.7,Weight Loss,3518,3,153,2724,124.7
28,Male,199,93.7,23.7,Weight Loss,2521,1,92,315,91.3
58,Male,147,115.2,53.3,Weight Loss,4578,7,448,5691,111.4
20,Male,194,54.0,14.3,General Fitness,4425,6,504,2172,54.9
45,Female,187,74.8,21.4,General Fitness,3463,2,98,1226,74.2
46,Female,159,79.0,31.2,Weight Loss,4122,2,68,754,78.6
26,Male,165,91.1,33.5,Maintenance,2623,0,0,0,91.5
20,Male,196,132.9,34.6,General Fitness,1681,0,0,0,132.7
42,Female,181,127.4,38.9,Muscle Gain,4134,4,244,1644,128.8
51,Female,200,53.5,13.4,Maintenance,2112,1,92,253,53.8
29,Female,156,57.3,23.5,Muscle Gain,2724,0,0,0,57.3
59,Male,148,75.8,34.6,General Fitness,4261,2,138,1486,76.5
26,Male,191,69.1,18.9,Maintenance,1898,0,0,0,68.9
32,Male,153,101.5,43.4,General Fitness,1600,0,0,0,101.0
57,Male,183,130.3,38.9,General Fitness,4419,3,306,2094,130.3
42,Male,186,136.2,39.4,Maintenance,2867,0,0,0,135.9
22,Female,172,105.4,35.6,General Fitness,4609,7,364,6482,105.2
28,Male,167,123.8,44.4,Maintenance,2199,4,416,980,124.2
51,Female,189,92.5,25.9,General Fitness,4435,7,623,5537,92.0
41,Female,184,60.8,18.0,Weight Loss,3823,2,212,468,59.1
32,Male,188,92.5,26.2,Muscle Gain,3948,4,444,1552,93.1
55,Female,166,95.5,34.7,Weight Loss,4978,6,510,1728,93.1
25,Male,168,114.2,40.5,General Fitness,4625,4,152,2136,113.6
22,Female,195,62.0,16.3,General Fitness,1482,5,490,1675,61.7
43,Male,170,76.8,26.6,General Fitness,3010,1,91,745,77.1
35,Male,174,76.4,25.2,Weight Loss,2142,6,558,5952,72.3
23,Female,177,135.9,43.4,General Fitness,1168,6,306,1872,136.5
54,Male,160,84.4,33.0,Maintenance,4691,5,305,1855,82.6
30,Female,166,115.5,41.9,Muscle Gain,3021,5,380,2690,116.7
45,Male,193,115.1,30.9,General Fitness,3194,3,93,2262,114.9
22,Male,194,66.6,17.7,General Fitness,4759,4,456,2896,67.2
30,Male,187,97.2,27.8,Muscle Gain,4508,1,81,373,99.1
34,Female,162,129.4,49.3,Muscle Gain,1438,2,234,1672,130.6
57,Female,151,87.5,38.4,Muscle Gain,3935,2,234,1062,87.9
49,Male,194,134.5,35.7,Weight Loss,4260,1,43,406,131.8
46,Female,170,61.4,21.2,Weight Loss,1159,6,396,3252,57.6
20,Male,152,47.4,20.5,General Fitness,1813,4,224,1212,47.4
57,Female,150,129.1,57.4,Muscle Gain,4931,7,371,5887,130.0
51,Female,174,124.8,41.2,General Fitness,3449,4,372,956,124.4
57,Male,183,139.3,41.6,General Fitness,1585,3,297,666,139.5
44,Male,167,107.9,38.7,General Fitness,1863,3,165,1353,108.9
30,Male,176,133.7,43.2,Weight Loss,2041,5,415,2445,132.2
50,Male,166,122.7,44.5,Muscle Gain,1139,2,88,802,122.8
23,Male,186,124.4,36.0,General Fitness,2138,3,174,1062,124.6
41,Female,187,96.9,27.7,Weight Loss,1327,1,103,766,96.2
36,Female,189,78.2,21.9,Maintenance,1224,2,114,610,77.4
33,Male,153,133.5,57.0,Maintenance,1557,6,528,2754,133.9
57,Male,175,83.2,27.2,General Fitness,3486,7,714,2793,83.1
45,Male,151,93.9,41.2,General Fitness,2573,6,300,2496,93.6
50,Female,153,84.6,36.1,Muscle Gain,2741,4,156,2440,85.0
58,Male,157,96.5,39.1,Muscle Gain,1385,2,66,1516,97.1
30,Male,147,87.1,40.3,General Fitness,1520,0,0,0,87.2
60,Female,179,44.8,14.0,Weight Loss,2276,2,66,1246,42.9
42,Female,177,128.2,40.9,General Fitness,3667,3,105,1233,128.8
59,Female,165,84.4,31.0,Muscle Gain,4972,7,833,2478,85.6
53,Female,175,98.9,32.3,Muscle Gain,2121,1,109,462,99.3
44,Male,196,53.9,14.0,Weight Loss,3834,4,404,2824,51.7
55,Female,178,40.3,12.7,General Fitness,4142,4,180,1400,40.8
24,Female,176,64.5,20.8,Muscle Gain,3598,3,201,1233,65.7
22,Male,179,110.5,34.5,General Fitness,2833,3,234,1173,110.7
60,Male,159,49.9,19.7,Muscle Gain,4984,3,270,2862,50.2
48,Male,200,130.9,32.7,Maintenance,1446,0,0,0,131.3
40,Female,176,61.5,19.9,Maintenance,4161,1,112,740,61.1
59,Male,150,60.5,26.9,Maintenance,4501,0,0,0,60.7
27,Female,189,58.2,16.3,Muscle Gain,2242,3,138,1113,59.9
49,Female,165,41.4,15.2,Weight Loss,1106,1,57,570,40.1
60,Female,177,117.2,37.4,Maintenance,2499,6,438,5448,117.8
47,Male,176,127.5,41.2,Muscle Gain,3963,6,246,2124,129.3
56,Female,196,101.4,26.4,General Fitness,2477,3,297,1017,102.3
48,Male,163,58.8,22.1,Maintenance,1903,1,100,455,58.6
35,Male,177,68.5,21.9,Weight Loss,2631,7,707,6125,63.1
53,Male,172,87.6,29.6,Weight Loss,4986,4,128,3380,84.1
19,Female,175,135.4,44.2,Weight Loss,3591,0,0,0,134.8
31,Female,165,64.7,23.8,General Fitness,2149,5,250,2640,65.2
30,Female,198,113.2,28.9,General Fitness,2170,3,111,1731,113.9
46,Male,178,83.9,26.5,Weight Loss,3327,3,279,1395,82.7
29,Female,159,69.8,27.6,Weight Loss,1023,2,176,1480,68.8
56,Female,158,85.6,34.3,Weight Loss,1951,5,295,1690,83.8
19,Female,163,47.1,17.7,General Fitness,2744,7,427,5572,46.4
49,Female,187,119.9,34.3,General Fitness,3039,4,416,2844,120.4
30,Female,159,64.3,25.4,Muscle Gain,1119,3,147,1344,65.1
44,Male,150,112.5,50.0,Maintenance,4857,7,315,6608,112.9
58,Male,196,46.8,12.2,General Fitness,2675,0,0,0,47.1
34,Male,153,135.5,57.9,Weight Loss,2320,4,356,3088,131.3
57,Male,181,59.3,18.1,Maintenance,1854,3,222,2952,59.3
48,Female,164,128.3,47.7,General Fitness,2015,0,0,0,128.0
51,Male,178,120.9,38.2,Maintenance,3991,2,160,1994,121.1
41,Female,182,136.8,41.3,Muscle Gain,4153,2,180,1920,137.3
52,Male,170,87.8,30.4,General Fitness,1447,6,414,4698,88.5
23,Male,162,112.7,42.9,Weight Loss,2935,0,0,0,111.2
36,Male,172,77.1,26.1,Weight Loss,2743,4,384,2436,74.0
47,Female,199,58.4,14.7,Muscle Gain,1995,0,0,0,59.5
24,Female,195,84.3,22.2,Muscle Gain,2942,5,525,1395,84.9
27,Male,153,56.6,24.2,Muscle Gain,4541,0,0,0,58.7
58,Female,176,138.2,44.6,Muscle Gain,2446,2,164,672,139.5
49,Male,197,49.6,12.8,Muscle Gain,4616,2,66,824,51.8
51,Male,200,98.9,24.7,General Fitness,4095,2,104,1636,99.1
45,Male,150,102.6,45.6,General Fitness,2084,5,280,2030,103.1
32,Female,158,93.8,37.6,Maintenance,4894,3,198,2589,93.5
47,Male,172,106.2,35.9,Muscle Gain,2724,6,636,1992,106.3
54,Male,168,51.6,18.3,Weight Loss,3131,5,360,1825,49.0
46,Male,157,95.5,38.7,Weight Loss,3272,3,198,2106,93.4
39,Female,187,68.7,19.6,Muscle Gain,4751,5,570,3145,68.9
21,Male,156,134.0,55.1,Muscle Gain,1185,1,58,379,134.9
37,Female,195,116.2,30.6,Muscle Gain,3422,3,174,960,116.9
49,Male,163,137.3,51.7,Muscle Gain,1071,4,312,1492,137.7
53,Female,165,43.8,16.1,Muscle Gain,1073,4,416,2120,45.3
21,Male,171,68.5,23.4,Weight Loss,2920,6,480,1602,65.6
44,Male,163,59.5,22.4,Maintenance,2364,7,553,6286,59.4
34,Female,168,41.1,14.6,Muscle Gain,3200,2,114,674,41.5
29,Female,170,64.2,22.2,Muscle Gain,3143,5,515,2535,65.9
39,Male,189,107.9,30.2,Muscle Gain,4636,0,0,0,108.3
34,Female,172,63.1,21.3,General Fitness,3492,2,170,874,63.4
27,Male,190,90.9,25.2,Weight Loss,4757,6,558,4374,88.0
18,Male,200,128.8,32.2,Weight Loss,4181,0,0,0,127.3
39,Male,162,109.4,41.7,Maintenance,2481,5,230,1750,109.8
43,Female,188,79.5,22.5,General Fitness,3875,2,236,1638,79.3
35,Male,180,77.2,23.8,General Fitness,4122,2,168,1728,77.8
31,Female,186,85.6,24.7,General Fitness,3424,7,266,3605,86.3
46,Male,173,57.7,19.3,Maintenance,1764,7,826,1652,58.0
29,Female,161,103.4,39.9,Maintenance,2096,4,388,3428,103.2
53,Female,148,76.4,34.9,Maintenance,1211,0,0,0,76.6
52,Male,188,125.2,35.4,General Fitness,4503,1,108,996,125.2
29,Female,189,115.7,32.4,Weight Loss,1723,1,45,819,113.9
24,Male,173,101.1,33.8,General Fitness,4834,2,90,970,100.4
46,Male,148,76.4,34.9,Maintenance,4239,7,294,3073,76.4
28,Male,154,61.0,25.7,General Fitness,3822,5,535,4065,61.0
50,Male,169,117.6,41.2,Muscle Gain,3378,2,230,838,118.2
23,Male,175,88.6,28.9,General Fitness,2765,6,684,1236,89.5
32,Female,147,62.5,28.9,General Fitness,1750,4,408,1660,62.2
49,Male,191,59.5,16.3,Weight Loss,4858,7,644,6160,54.0
28,Female,146,56.5,26.5,Weight Loss,2517,6,420,4710,53.5
40,Female,169,117.7,41.2,Weight Loss,4214,0,0,0,116.0
43,Male,193,62.9,16.9,Muscle Gain,4653,6,582,4428,64.7
51,Female,150,92.7,41.2,Weight Loss,2468,7,721,6916,88.8
51,Male,170,85.2,29.5,Muscle Gain,3871,2,76,1366,86.5
46,Female,152,98.0,42.4,Maintenance,1393,6,480,1452,98.3
21,Female,179,127.7,39.9,Weight Loss,1511,5,385,2530,124.4
34,Female,171,126.8,43.4,General Fitness,1685,1,109,292,127.1
52,Male,169,85.1,29.8,General Fitness,4919,0,0,0,85.3
30,Female,162,41.5,15.8,Muscle Gain,3668,2,94,936,42.0
58,Male,198,82.6,21.1,Weight Loss,2738,0,0,0,81.9
56,Female,145,100.6,47.8,General Fitness,2720,7,798,6244,100.2
32,Female,192,95.8,26.0,Maintenance,2826,4,332,1656,95.5
46,Female,183,105.1,31.4,Weight Loss,4399,6,648,1878,103.5
46,Female,147,55.4,25.6,Maintenance,3651,1,44,384,55.4
28,Male,199,104.7,26.4,General Fitness,2282,5,200,1620,104.8
49,Male,148,58.3,26.6,Weight Loss,2857,0,0,0,56.9
19,Female,185,115.1,33.6,Muscle Gain,4508,1,76,436,116.0
31,Female,181,73.9,22.6,General Fitness,3765,6,294,5112,74.1
37,Male,195,111.0,29.2,Maintenance,4635,2,102,714,110.9
39,Male,159,44.8,17.7,Weight Loss,3396,7,539,4711,41.7
28,Male,152,80.8,35.0,Maintenance,4764,5,555,3520,80.9
44,Male,182,110.5,33.4,Maintenance,4886,5,225,2365,110.3
20,Female,194,62.7,16.7,Muscle Gain,3562,3,102,948,63.7
34,Female,163,119.5,45.0,Muscle Gain,4520,0,0,0,120.4
45,Male,200,103.1,25.8,General Fitness,3446,7,784,5145,103.2
46,Male,191,98.8,27.1,Muscle Gain,4667,1,103,259,100.3
38,Male,170,75.4,26.1,Muscle Gain,3261,0,0,0,75.7
33,Male,183,88.2,26.3,General Fitness,4617,2,180,1952,88.0
54,Male,154,99.7,42.0,General Fitness,3609,2,212,758,99.3
37,Male,182,87.2,26.3,General Fitness,2312,7,588,3017,87.0
23,Female,158,109.8,44.0,General Fitness,2864,6,318,4050,110.3
36,Female,193,83.4,22.4,Maintenance,4330,5,260,4270,82.4
22,Female,185,60.2,17.6,Maintenance,3305,7,812,3108,60.3
20,Male,163,61.4,23.1,General Fitness,2411,5,200,3960,60.8
18,Male,174,40.6,13.4,General Fitness,2807,1,76,837,41.2
55,Male,149,70.1,31.6,Weight Loss,3741,4,124,3392,66.7
32,Female,199,114.9,29.0,Weight Loss,2568,0,0,0,113.8
51,Male,175,119.4,39.0,Weight Loss,4336,0,0,0,119.5
52,Male,151,60.2,26.4,Muscle Gain,4384,2,80,1610,60.1
42,Female,163,135.9,51.1,Maintenance,2063,0,0,0,135.9
41,Male,175,90.2,29.5,Maintenance,1997,1,102,327,90.7
29,Female,196,131.7,34.3,Weight Loss,3867,3,123,1248,129.1
35,Female,183,110.7,33.1,Weight Loss,3257,7,455,6370,107.1
32,Male,168,112.2,39.8,Maintenance,3319,5,260,1095,111.8
33,Female,178,48.5,15.3,Muscle Gain,4207,2,112,1532,49.5
44,Male,167,62.0,22.2,Weight Loss,1598,7,819,6699,57.2
25,Female,192,40.9,11.1,General Fitness,2083,5,215,4810,42.1
42,Male,189,111.6,31.2,Weight Loss,4581,5,415,1295,109.3
34,Female,184,74.4,22.0,Maintenance,4747,5,280,4370,74.2
46,Male,150,118.7,52.8,Maintenance,4586,3,150,2739,117.9
25,Female,182,73.9,22.3,Weight Loss,4086,7,546,6566,69.0
32,Female,185,121.9,35.6,Weight Loss,4685,0,0,0,121.7
44,Female,180,53.1,16.4,General Fitness,4070,4,424,3024,53.5
24,Male,171,57.3,19.6,General Fitness,3302,5,505,1980,56.8
20,Male,155,74.1,30.8,Muscle Gain,3784,1,73,691,74.8
46,Female,149,80.8,36.4,Muscle Gain,1721,5,365,4385,81.9
41,Male,161,74.9,28.9,General Fitness,3582,5,450,3515,74.2
20,Female,196,116.4,30.3,Muscle Gain,4306,7,497,3122,116.8
37,Male,151,49.7,21.8,Muscle Gain,2154,0,0,0,50.4
32,Female,171,75.1,25.7,Weight Loss,4741,6,612,5946,70.9
42,Male,191,123.7,33.9,General Fitness,2708,1,30,459,122.9
47,Female,159,46.7,18.5,Weight Loss,4071,0,0,0,46.0
31,Female,190,134.2,37.2,Weight Loss,1016,5,420,1980,131.9
24,Female,157,138.6,56.2,Muscle Gain,3929,7,315,2142,138.6
34,Female,155,48.9,20.4,Weight Loss,4001,6,708,5880,43.8
37,Male,189,69.1,19.3,Maintenance,3873,0,0,0,68.6
53,Female,170,77.2,26.7,Muscle Gain,1991,0,0,0,78.8
26,Male,166,117.6,42.7,Maintenance,1877,2,192,718,118.0
55,Male,172,99.6,33.7,Muscle Gain,3232,3,147,1863,100.1
39,Female,168,104.4,37.0,Weight Loss,4462,6,288,4836,100.8
19,Male,173,115.8,38.7,Muscle Gain,2446,4,168,1624,116.5
41,Male,153,51.8,22.1,Maintenance,4917,6,276,3072,51.1
25,Male,186,123.3,35.6,Muscle Gain,2465,3,321,1893,123.9
28,Female,148,110.6,50.5,Maintenance,4767,3,177,1302,110.5
30,Male,193,97.7,26.2,General Fitness,2678,1,115,526,98.1
34,Male,190,129.0,35.7,Weight Loss,4627,2,144,1356,126.9
25,Female,200,110.0,27.5,Maintenance,4083,2,154,1254,110.6
38,Female,162,60.2,22.9,General Fitness,2543,0,0,0,60.3
35,Male,187,83.0,23.7,Weight Loss,1079,3,285,897,81.1
47,Female,160,89.4,34.9,General Fitness,3856,6,492,2622,90.0
35,Male,177,45.5,14.5,Maintenance,4745,4,404,1224,45.6
48,Male,173,135.5,45.3,Weight Loss,3349,1,107,563,134.1
55,Male,183,52.9,15.8,General Fitness,4287,6,378,5046,52.9
49,Female,154,109.7,46.3,Maintenance,2271,2,212,1384,110.0
28,Male,153,90.6,38.7,General Fitness,2564,0,0,0,91.3
42,Female,175,42.6,13.9,Weight Loss,2295,4,404,3096,41.1
50,Female,172,132.5,44.8,Weight Loss,3180,3,300,816,131.7
55,Male,147,125.2,57.9,Weight Loss,2028,7,294,6279,120.6
58,Female,198,92.4,23.6,Maintenance,3803,7,833,5796,91.5
25,Female,199,62.9,15.9,General Fitness,2565,6,510,3018,62.9
28,Female,158,52.2,20.9,General Fitness,3676,4,352,816,52.3
39,Female,169,76.3,26.7,Maintenance,2713,7,427,5509,75.2
41,Female,159,65.5,25.9,Weight Loss,2009,2,224,1096,63.1
58,Male,146,90.7,42.6,Muscle Gain,1772,7,756,4193,91.2
34,Female,168,136.6,48.4,Weight Loss,4818,1,83,794,135.7
29,Male,158,97.5,39.1,Muscle Gain,3188,6,186,3792,98.2
49,Male,192,129.0,35.0,Weight Loss,1482,7,462,5397,124.1
32,Male,151,105.1,46.1,Maintenance,4376,3,336,918,105.3
33,Male,180,87.5,27.0,Muscle Gain,3392,1,62,316,88.9
39,Male,194,125.5,33.3,Maintenance,2585,5,150,2910,125.0
45,Male,168,87.1,30.9,Muscle Gain,4341,7,399,1967,87.8
37,Female,171,126.9,43.4,General Fitness,4179,7,322,5964,128.0
50,Female,181,69.2,21.1,Muscle Gain,2581,4,344,3732,69.9
27,Female,182,52.9,16.0,Muscle Gain,3521,7,693,4263,53.7
57,Male,174,125.5,41.5,Muscle Gain,2105,7,567,1883,127.2
49,Female,171,98.7,33.8,General Fitness,4709,4,292,2344,99.1
50,Female,183,128.9,38.5,Maintenance,2107,0,0,0,128.2
19,Female,159,133.8,52.9,General Fitness,4361,3,228,1488,133.9
50,Male,170,45.4,15.7,Muscle Gain,4142,4,168,3264,46.3
50,Female,145,90.1,42.9,Weight Loss,1174,2,210,1836,89.1
58,Male,200,77.5,19.4,General Fitness,2851,5,295,1320,77.4
30,Female,148,102.6,46.8,Weight Loss,1841,2,228,1548,100.1
47,Male,173,119.4,39.9,General Fitness,4534,1,95,377,119.8
50,Male,145,68.1,32.4,General Fitness,2872,5,410,1035,67.5
30,Male,187,95.7,27.4,Muscle Gain,4466,7,329,2506,97.2
43,Female,194,110.9,29.5,Maintenance,3913,5,285,1050,111.0
39,Female,190,53.4,14.8,Maintenance,4162,2,66,1968,53.3
56,Male,166,121.4,44.1,Muscle Gain,3516,7,497,4270,121.1
19,Female,155,100.6,41.9,General Fitness,2886,4,140,3224,102.1
55,Male,154,135.0,56.9,Maintenance,4505,2,76,708,134.5
56,Male,161,74.0,28.5,Maintenance,4320,3,147,1215,73.0
43,Female,180,50.8,15.7,Maintenance,3691,1,67,314,51.0
32,Female,200,90.7,22.7,Muscle Gain,3728,6,582,3468,92.0
51,Female,191,48.6,13.3,Weight Loss,1954,5,395,3990,44.2
59,Male,170,137.0,47.4,Weight Loss,2595,7,623,6356,132.4
57,Male,192,43.9,11.9,Weight Loss,4952,3,126,1647,41.7
28,Female,165,115.4,42.4,Weight Loss,3896,4,284,1188,112.8
20,Male,157,92.5,37.5,Weight Loss,3288,4,388,872,92.0
23,Female,153,76.9,32.9,Maintenance,3749,2,108,1024,76.9
26,Male,155,46.6,19.4,Maintenance,4567,0,0,0,46.1
23,Female,155,102.2,42.5,General Fitness,1339,5,205,3780,101.6
26,Female,150,98.5,43.8,Maintenance,3840,5,465,4330,98.6
56,Male,145,68.1,32.4,Muscle Gain,1743,0,0,0,69.3
48,Female,198,131.0,33.4,General Fitness,2494,4,360,1720,131.7
49,Female,150,70.4,31.3,Maintenance,3510,4,328,3472,71.0
58,Male,157,85.0,34.5,General Fitness,3848,6,330,4944,84.3
29,Female,166,94.4,34.3,General Fitness,4346,6,540,3348,94.8
25,Male,200,50.0,12.5,Weight Loss,2848,5,195,2910,46.7
25,Female,175,133.2,43.5,General Fitness,1014,6,246,4266,133.1
45,Male,166,77.5,28.1,Maintenance,4112,6,306,1458,77.3
37,Female,181,48.1,14.7,Weight Loss,2988,7,574,3948,45.6
24,Female,191,78.7,21.6,Maintenance,1207,1,50,821,79.3
28,Female,171,100.0,34.2,Weight Loss,2083,5,320,1550,98.5
37,Female,194,91.4,24.3,Maintenance,3412,4,400,1688,91.2
33,Male,196,109.5,28.5,Weight Loss,4311,7,777,4095,106.5
21,Male,158,45.5,18.2,Weight Loss,3655,4,224,1856,43.0
23,Male,191,68.5,18.8,Muscle Gain,4861,6,534,2820,69.2
39,Male,149,121.9,54.9,Maintenance,3207,1,76,411,122.1
43,Male,180,48.0,14.8,General Fitness,1396,6,570,4170,48.9
20,Male,176,125.5,40.5,Weight Loss,2957,6,264,3078,122.9
58,Male,178,49.2,15.5,Maintenance,1793,3,159,2907,49.2
59,Female,151,123.4,54.1,Weight Loss,3547,3,339,1758,121.6
31,Female,186,76.1,22.0,Muscle Gain,1208,1,39,446,77.0
28,Female,192,101.2,27.5,Muscle Gain,2156,1,117,766,103.1
35,Female,154,55.3,23.3,Muscle Gain,4452,3,159,1647,56.4
29,Male,194,46.6,12.4,Muscle Gain,1432,3,351,813,47.0
40,Male,161,61.6,23.8,General Fitness,3656,3,258,1485,62.1
29,Male,174,52.8,17.4,General Fitness,2754,3,189,1236,52.6
30,Female,165,71.2,26.2,Weight Loss,3436,5,350,2470,68.4
42,Male,157,91.4,37.1,Maintenance,4044,5,345,1850,91.4
36,Female,145,98.9,47.0,Muscle Gain,1582,6,240,2670,100.6
53,Male,145,119.0,56.6,Muscle Gain,1431,2,238,680,120.6
25,Male,191,105.6,28.9,General Fitness,2297,6,180,4890,106.1
46,Male,177,100.9,32.2,General Fitness,1350,1,59,816,101.3
49,Male,182,81.2,24.5,Muscle Gain,1133,0,0,0,82.2
35,Female,169,87.4,30.6,Maintenance,4137,2,222,1020,87.6
23,Female,170,81.5,28.2,Weight Loss,1638,0,0,0,81.5
35,Male,157,124.2,50.4,Weight Loss,2228,0,0,0,123.5
36,Female,172,63.0,21.3,Weight Loss,4369,4,304,3964,59.9
39,Male,177,40.6,13.0,Weight Loss,1116,7,266,1547,40.0
54,Male,181,105.1,32.1,Maintenance,2290,1,38,277,104.5
49,Male,185,60.2,17.6,Maintenance,2817,5,150,3370,60.4
58,Male,174,129.0,42.6,Maintenance,3196,2,200,1812,128.6
20,Female,193,125.9,33.8,General Fitness,4265,6,438,3312,125.8
45,Male,192,47.7,12.9,Muscle Gain,2703,1,88,570,49.0
27,Male,152,50.6,21.9,Maintenance,2847,3,255,660,50.4
52,Female,193,89.5,24.0,Weight Loss,4957,1,80,706,88.6
46,Male,191,100.9,27.7,Maintenance,3226,0,0,0,100.6
32,Female,200,67.5,16.9,Muscle Gain,3195,5,335,4715,69.1
50,Male,145,111.7,53.1,General Fitness,1464,3,120,1680,112.0
24,Male,156,99.5,40.9,Weight Loss,1975,1,54,755,97.5
29,Male,149,72.5,32.7,General Fitness,3616,1,112,496,72.9
47,Male,168,42.5,15.1,Maintenance,3025,5,555,2755,42.6
38,Male,150,115.0,51.1,Weight Loss,2028,0,0,0,113.5
48,Male,169,61.5,21.5,Weight Loss,1525,6,348,4026,58.5
41,Female,145,123.4,58.7,Maintenance,3327,3,327,1782,123.7
37,Male,169,82.0,28.7,Maintenance,3546,0,0,0,81.7
54,Female,145,97.7,46.5,Muscle Gain,1835,5,185,4130,98.9
21,Female,176,127.3,41.1,Maintenance,3483,1,35,412,127.6
45,Male,186,126.4,36.5,Maintenance,3863,6,444,4374,127.3
37,Female,186,77.2,22.3,Maintenance,2239,2,164,1188,77.6
41,Male,147,60.9,28.2,Weight Loss,3734,2,100,452,58.7
49,Female,193,117.5,31.5,Muscle Gain,3875,4,344,2592,118.7
58,Male,163,83.3,31.4,Weight Loss,4016,7,735,4459,79.7
53,Female,187,59.2,16.9,Maintenance,2538,2,70,968,58.6
51,Female,173,130.4,43.6,Muscle Gain,2910,5,460,4300,130.7
53,Male,194,59.8,15.9,Maintenance,4208,7,245,6972,59.4
19,Female,146,42.6,20.0,Weight Loss,3659,5,410,4240,41.9
32,Male,153,42.0,17.9,Weight Loss,3642,5,165,1940,40.2
51,Male,200,102.2,25.6,Maintenance,2303,3,114,2703,102.2
53,Male,161,106.2,41.0,Muscle Gain,1131,4,392,1592,107.6
23,Male,190,71.1,19.7,Weight Loss,1392,3,309,903,68.7
56,Male,180,72.0,22.2,Maintenance,1480,6,606,4068,72.2
59,Female,161,73.9,28.5,General Fitness,4584,7,812,5614,74.4
29,Female,193,108.0,29.0,Maintenance,3675,2,66,846,107.5
20,Female,156,45.8,18.8,Maintenance,3034,6,522,4296,46.3
35,Male,164,132.9,49.4,Muscle Gain,3466,7,462,5082,134.3
57,Female,194,62.3,16.6,Maintenance,2225,7,700,4480,61.9
38,Female,147,140.0,64.8,General Fitness,3699,2,70,1432,140.3
32,Female,187,57.2,16.4,Maintenance,3705,1,80,429,57.1
50,Female,194,117.2,31.1,General Fitness,1461,3,324,939,116.9
52,Female,148,62.3,28.4,Weight Loss,2801,0,0,0,61.9
43,Male,161,48.1,18.6,Maintenance,4273,6,258,2298,48.7
25,Male,194,127.5,33.9,Muscle Gain,4985,1,40,924,128.1
53,Female,181,125.9,38.4,Maintenance,1151,3,117,2874,127.4
47,Male,190,80.4,22.3,General Fitness,4968,7,630,1631,78.8
40,Male,186,110.2,31.9,General Fitness,3269,5,550,2475,111.0
59,Female,159,95.7,37.9,Muscle Gain,1078,4,168,2608,97.3
31,Female,177,125.3,40.0,General Fitness,2223,6,378,5442,125.5
31,Male,160,71.5,27.9,Maintenance,2785,3,267,2112,71.4
19,Female,155,92.4,38.5,General Fitness,3146,4,320,2420,91.3
54,Male,199,88.5,22.3,Maintenance,3024,6,204,1956,88.9
22,Male,164,75.4,28.0,Maintenance,3959,4,412,1364,75.8
55,Female,182,129.1,39.0,General Fitness,3260,6,366,5082,128.8
58,Male,168,56.6,20.1,Muscle Gain,4214,2,82,654,57.2
31,Male,198,55.0,14.0,Weight Loss,3749,0,0,0,54.1
56,Male,160,97.7,38.2,Muscle Gain,4460,6,252,5574,98.7
42,Female,174,105.7,34.9,Weight Loss,2836,7,798,5775,100.9
37,Female,178,59.5,18.8,Muscle Gain,2397,3,249,1647,59.9
19,Female,145,79.1,37.6,Maintenance,2075,0,0,0,79.3
56,Female,168,134.7,47.7,Maintenance,4014,4,280,2648,133.8
23,Male,168,64.7,22.9,General Fitness,2647,2,154,886,64.1
34,Female,153,106.8,45.6,Weight Loss,3182,6,480,4578,103.9
42,Female,166,114.0,41.4,Weight Loss,1410,0,0,0,112.5
45,Female,156,84.8,34.8,General Fitness,3008,1,79,432,85.0
19,Female,161,133.8,51.6,Muscle Gain,2493,4,420,2852,134.9
52,Male,169,113.7,39.8,General Fitness,2135,1,75,200,113.9
54,Male,172,85.8,29.0,Muscle Gain,2548,5,335,2190,87.1
22,Male,159,96.9,38.3,General Fitness,1784,0,0,0,97.0
18,Female,174,109.3,36.1,Weight Loss,4816,0,0,0,109.1
57,Female,195,99.2,26.1,Weight Loss,2067,0,0,0,98.0
29,Male,171,127.9,43.7,Muscle Gain,2420,5,155,4075,129.0
53,Female,166,75.7,27.5,Weight Loss,3009,7,742,4319,73.3
40,Female,154,70.0,29.5,Weight Loss,2608,3,126,1941,68.0
48,Male,175,61.4,20.0,Weight Loss,3308,4,344,2148,59.1
28,Male,171,43.8,15.0,Weight Loss,1742,4,252,1904,41.2
27,Female,156,44.3,18.2,Maintenance,3592,6,288,1254,45.7
20,Female,190,127.0,35.2,General Fitness,3435,6,228,3240,127.3
31,Female,175,107.8,35.2,General Fitness,4547,6,372,1818,107.6
33,Male,176,106.1,34.3,Maintenance,4481,4,224,2176,106.3
27,Male,176,101.5,32.8,Weight Loss,4651,3,222,1707,98.8
46,Male,185,124.9,36.5,General Fitness,3063,7,217,2779,124.5
27,Male,189,88.0,24.6,General Fitness,3020,0,0,0,88.1
29,Female,179,127.0,39.6,General Fitness,1661,0,0,0,126.7
47,Male,197,75.9,19.6,Muscle Gain,2827,5,430,2685,76.8
58,Male,190,132.7,36.8,Maintenance,3149,1,86,741,132.9
18,Female,165,109.9,40.4,Muscle Gain,4257,3,135,1968,110.2
22,Female,154,65.7,27.7,Muscle Gain,1950,2,216,1450,66.3
37,Female,160,96.4,37.7,Maintenance,3978,3,105,2847,96.4
25,Male,151,93.3,40.9,General Fitness,1024,5,215,3175,94.1
60,Female,148,53.8,24.6,Muscle Gain,4143,7,392,3955,54.7
29,Female,171,99.1,33.9,General Fitness,2616,1,67,600,98.9
18,Male,196,71.5,18.6,Muscle Gain,4644,1,48,773,72.6
37,Male,199,45.2,11.4,General Fitness,1017,6,396,4086,45.4
45,Female,169,134.9,47.2,Weight Loss,4825,6,198,1854,132.7
60,Male,175,104.1,34.0,Weight Loss,1569,1,87,605,101.9
54,Female,155,127.7,53.2,Weight Loss,2016,0,0,0,127.3
54,Female,192,107.6,29.2,Maintenance,2355,2,76,718,107.3
29,Male,164,75.7,28.1,Weight Loss,4960,1,69,254,73.9
54,Female,180,91.3,28.2,Muscle Gain,2592,4,176,3840,92.2
45,Male,198,107.6,27.4,General Fitness,4168,0,0,0,108.1
32,Male,198,136.0,34.7,General Fitness,4798,7,833,5131,135.8
23,Male,199,65.4,16.5,General Fitness,1830,7,567,4347,66.1
37,Female,161,127.5,49.2,General Fitness,2035,2,94,1628,128.1
31,Male,189,132.4,37.1,Muscle Gain,4082,4,328,1852,133.1
19,Male,155,107.0,44.5,General Fitness,2932,2,176,1894,107.9
26,Female,174,133.1,44.0,Muscle Gain,3210,5,415,2160,134.8
54,Female,179,79.8,24.9,Muscle Gain,2306,2,140,1758,81.9
37,Female,185,135.3,39.5,General Fitness,2752,4,356,1728,136.6
43,Female,182,110.3,33.3,General Fitness,1871,3,351,2148,110.3
46,Male,166,44.2,16.0,General Fitness,1834,2,66,488,43.4
18,Male,197,130.7,33.7,Muscle Gain,4312,3,342,2271,131.1
52,Male,187,88.4,25.3,Maintenance,1856,2,136,1750,88.9
23,Female,192,86.0,23.3,Muscle Gain,4116,5,180,4400,88.6
54,Female,195,96.6,25.4,Maintenance,1969,4,208,2540,96.8
22,Male,171,54.9,18.8,General Fitness,1592,2,228,1068,54.7
50,Female,181,86.9,26.5,Muscle Gain,1254,1,92,603,88.7
31,Female,190,123.1,34.1,General Fitness,3114,5,470,1815,122.0
29,Male,193,41.5,11.1,Maintenance,3965,1,70,455,40.8
59,Male,179,67.3,21.0,Maintenance,3661,7,826,1855,68.1
37,Female,148,40.2,18.4,Muscle Gain,4021,7,511,6797,42.0
41,Female,160,81.6,31.9,Muscle Gain,1602,5,370,1435,83.0
60,Female,160,112.8,44.1,Muscle Gain,2065,5,490,2195,114.5
51,Male,165,119.9,44.0,Muscle Gain,2811,6,480,3060,121.3
42,Male,170,134.5,46.5,Weight Loss,2839,2,188,1540,131.3
46,Male,180,100.9,31.1,Weight Loss,2809,4,332,3524,98.3
56,Male,163,65.5,24.7,General Fitness,3431,6,510,2742,65.3
48,Male,161,132.4,51.1,Maintenance,4660,4,444,3028,132.3
60,Female,189,117.5,32.9,Maintenance,2257,0,0,0,117.3
40,Female,170,97.4,33.7,General Fitness,1965,4,476,2532,96.8
55,Female,166,109.6,39.8,General Fitness,2737,3,207,984,108.8
37,Male,199,132.4,33.4,General Fitness,1484,2,174,1960,131.8
40,Male,200,111.2,27.8,Weight Loss,4804,1,44,525,110.0
33,Male,172,76.8,26.0,General Fitness,4845,4,192,3956,76.1
59,Female,145,111.3,52.9,Maintenance,1038,1,39,216,111.8
25,Male,188,44.0,12.4,General Fitness,1010,0,0,0,43.6
38,Male,180,78.6,24.3,Muscle Gain,1623,2,90,1082,78.8
18,Female,187,80.6,23.0,Maintenance,1408,4,288,3308,80.7
25,Male,181,56.7,17.3,Maintenance,3155,6,360,5820,56.5
46,Female,146,42.3,19.8,Maintenance,3027,1,45,448,42.2
49,Male,161,53.3,20.6,Weight Loss,2117,6,654,5454,50.1
55,Male,184,105.5,31.2,Weight Loss,4894,5,285,4690,101.1
22,Female,182,120.2,36.3,Maintenance,3131,6,546,2256,120.2
39,Female,165,138.8,51.0,Muscle Gain,3105,4,196,3816,139.6
51,Female,153,74.6,31.9,Maintenance,4364,0,0,0,74.5
18,Female,157,99.9,40.5,Weight Loss,4087,6,528,4164,95.8
43,Female,155,133.7,55.7,Muscle Gain,4038,5,190,1170,134.6
60,Female,160,56.7,22.1,Maintenance,4548,1,39,606,57.1
27,Male,160,111.8,43.7,Weight Loss,3885,1,74,846,109.5
47,Male,146,115.5,54.2,Muscle Gain,1604,2,222,418,116.0
35,Female,186,48.9,14.1,General Fitness,1968,6,264,5364,48.7
34,Male,188,126.1,35.7,General Fitness,1164,6,354,5478,126.8
43,Female,152,121.3,52.5,Maintenance,1436,2,154,1460,121.2
25,Male,187,43.3,12.4,General Fitness,3774,1,69,734,44.1
57,Female,186,49.1,14.2,Weight Loss,2679,5,560,1470,46.8
29,Male,157,44.9,18.2,Muscle Gain,2809,7,721,5425,45.1
44,Male,161,73.5,28.4,Maintenance,3450,6,438,3894,72.4
25,Male,183,90.9,27.1,Muscle Gain,2409,7,525,2933,91.5
42,Male,168,93.2,33.0,Muscle Gain,2977,2,70,590,94.0
21,Male,147,66.8,30.9,Muscle Gain,2161,7,371,6832,67.6
50,Female,174,131.2,43.3,Weight Loss,3763,1,102,580,130.3
18,Female,196,76.8,20.0,Maintenance,1813,5,180,4340,75.2
36,Female,157,44.6,18.1,General Fitness,3769,3,105,1218,44.6
48,Male,163,70.0,26.3,Muscle Gain,3578,4,248,3940,71.3
33,Female,151,93.1,40.8,Muscle Gain,2829,6,684,2670,93.4
31,Male,153,80.8,34.5,Muscle Gain,1292,3,201,2730,81.7
22,Male,163,67.4,25.4,Weight Loss,2498,3,219,2988,64.9
58,Male,189,53.1,14.9,General Fitness,4070,4,184,2836,52.3
43,Female,198,121.9,31.1,Muscle Gain,4951,1,60,282,123.2
45,Male,184,139.6,41.2,Weight Loss,1461,7,462,3612,136.1
19,Female,166,73.0,26.5,Weight Loss,4884,1,40,844,72.2
23,Female,162,78.2,29.8,Muscle Gain,4444,2,68,608,79.1
26,Male,167,101.8,36.5,Muscle Gain,4233,0,0,0,101.8
50,Male,146,111.8,52.4,Weight Loss,3689,1,105,948,111.1
58,Female,194,79.2,21.0,Weight Loss,3091,7,224,5460,75.1
42,Female,194,130.5,34.7,Muscle Gain,4936,4,340,3580,131.0
30,Female,155,96.0,40.0,Weight Loss,2106,0,0,0,94.3
26,Female,175,85.0,27.8,Weight Loss,3939,4,268,1516,83.3
30,Female,177,104.7,33.4,Muscle Gain,3683,4,332,3928,106.0
48,Female,158,135.3,54.2,Muscle Gain,3586,4,124,3204,135.6
58,Male,160,119.5,46.7,Maintenance,4887,6,714,4794,120.4
28,Female,155,44.0,18.3,General Fitness,3909,6,186,1692,44.0
21,Female,177,73.2,23.4,Muscle Gain,3566,0,0,0,74.3
51,Female,151,87.1,38.2,Muscle Gain,2434,3,207,2454,88.4
55,Female,175,71.5,23.3,Muscle Gain,4412,7,217,4900,73.4
21,Male,192,110.0,29.8,General Fitness,1710,6,654,3282,110.7
55,Male,190,122.6,34.0,Maintenance,2647,5,430,2355,122.6
36,Female,191,113.1,31.0,Weight Loss,1088,4,304,2120,110.7
23,Female,158,138.9,55.6,General Fitness,2663,7,455,5663,138.4
51,Female,172,67.3,22.7,Muscle Gain,4301,6,198,5658,68.6
35,Male,197,127.5,32.9,Muscle Gain,2041,2,208,1536,128.8
30,Male,187,116.7,33.4,Maintenance,4872,1,53,860,116.9
58,Male,160,76.2,29.8,Maintenance,3720,5,555,2940,75.9
40,Male,163,113.4,42.7,Maintenance,3911,7,637,6622,112.5
36,Male,161,50.4,19.4,Weight Loss,3937,1,31,336,48.4
28,Male,170,118.9,41.1,General Fitness,4352,1,44,978,119.2
18,Female,150,93.2,41.4,General Fitness,2933,0,0,0,92.8
41,Male,187,69.2,19.8,Maintenance,1421,2,156,1120,70.0
24,Male,193,105.6,28.3,Weight Loss,4749,2,232,962,102.5
42,Female,153,104.2,44.5,General Fitness,4843,5,320,2005,104.6
38,Male,194,60.9,16.2,Muscle Gain,1875,2,152,1886,62.3
32,Female,161,43.0,16.6,Muscle Gain,3749,2,106,1460,43.6
18,Male,175,83.4,27.2,Muscle Gain,1337,7,784,1505,84.2
29,Female,156,97.0,39.9,General Fitness,1265,2,178,1534,97.7
24,Female,167,127.7,45.8,Maintenance,3850,5,530,1565,128.4
32,Female,198,132.8,33.9,Muscle Gain,2378,3,231,801,133.7
38,Female,198,92.9,23.7,Maintenance,3407,2,104,1578,93.4
36,Female,149,115.4,52.0,Weight Loss,4061,6,246,1374,113.7
46,Male,187,83.9,24.0,Muscle Gain,2814,7,490,5026,84.5
42,Male,180,114.6,35.4,Weight Loss,3264,7,406,6041,110.6
50,Female,180,60.5,18.7,Maintenance,1320,2,198,442,60.3
49,Female,147,77.1,35.7,General Fitness,1849,0,0,0,76.1
52,Female,168,103.4,36.6,Maintenance,1718,0,0,0,103.6
55,Male,199,41.8,10.6,Muscle Gain,4736,6,360,5268,43.7
43,Female,161,112.2,43.3,Muscle Gain,1991,2,100,1718,112.7
28,Female,183,123.6,36.9,Maintenance,4764,3,159,1827,122.9
52,Female,170,79.9,27.6,Muscle Gain,4283,7,707,1736,80.9
25,Female,148,84.8,38.7,Muscle Gain,2808,2,76,1048,86.1
31,Male,199,125.1,31.6,Weight Loss,4000,6,306,4122,122.0
27,Female,189,117.6,32.9,General Fitness,4274,2,66,994,116.9
19,Female,156,68.8,28.3,Maintenance,1716,2,212,1946,68.5
26,Male,145,72.4,34.4,Weight Loss,1984,4,128,1520,69.9
20,Female,165,107.9,39.6,Muscle Gain,2939,3,171,963,109.5
38,Female,163,96.3,36.2,Weight Loss,1895,1,119,323,96.4
43,Male,165,56.2,20.6,General Fitness,2176,6,264,3912,55.9
25,Male,196,71.0,18.5,Maintenance,4753,2,74,930,71.1
19,Male,162,130.0,49.5,General Fitness,4500,6,462,1362,129.6
23,Female,187,108.8,31.1,General Fitness,2776,1,117,458,108.1
45,Female,196,138.6,36.1,Weight Loss,3334,3,243,828,137.1
46,Male,147,116.7,54.0,Weight Loss,3804,7,588,4417,113.4
43,Male,193,134.2,36.0,General Fitness,4392,6,396,5430,133.5
42,Male,188,61.6,17.4,Muscle Gain,2459,2,66,468,61.6
29,Female,176,117.1,37.8,Maintenance,2615,7,588,4445,117.0
22,Female,154,42.0,17.7,Muscle Gain,3543,1,41,313,41.7
51,Male,184,107.1,31.6,Muscle Gain,4675,6,288,1566,107.6
54,Female,159,86.9,34.4,Maintenance,2172,5,540,1255,86.5
32,Male,149,74.7,33.6,Weight Loss,1541,1,86,315,73.2
53,Female,148,126.2,57.6,Muscle Gain,1634,3,198,738,128.0
32,Female,172,125.4,42.4,Weight Loss,4970,2,210,1274,124.4
60,Female,197,42.2,10.9,Maintenance,4553,4,448,2444,42.6
40,Female,196,101.0,26.3,Muscle Gain,2349,3,108,900,102.1
23,Male,195,76.8,20.2,Weight Loss,3986,7,588,3346,73.1
60,Female,197,81.6,21.0,Weight Loss,4100,4,228,1224,81.0
38,Female,148,123.2,56.2,Muscle Gain,4330,2,132,468,124.2
40,Male,159,71.0,28.1,Maintenance,1697,1,113,558,71.1
60,Female,161,134.3,51.8,General Fitness,2952,5,450,4995,133.5
33,Male,188,58.0,16.4,Weight Loss,3122,5,520,1005,56.7
32,Male,147,106.3,49.2,Maintenance,4628,6,408,5700,106.8
42,Female,154,107.2,45.2,Muscle Gain,2604,7,364,4837,108.9
53,Female,191,65.2,17.9,Weight Loss,1497,3,243,1413,64.2
28,Male,186,72.5,21.0,Weight Loss,4487,3,339,1029,70.2
32,Male,200,123.5,30.9,Weight Loss,4950,7,791,4438,120.5
21,Male,167,116.2,41.7,Maintenance,1721,3,120,1950,116.4
38,Female,162,72.9,27.8,Weight Loss,2774,0,0,0,72.0
30,Male,145,93.4,44.4,Weight Loss,2363,5,210,4660,90.3
39,Male,179,46.2,14.4,Muscle Gain,1307,5,530,3825,46.9
36,Male,197,60.9,15.7,Weight Loss,3751,2,140,854,59.8
51,Female,175,88.6,28.9,Maintenance,1883,0,0,0,88.4
31,Male,188,48.6,13.8,Muscle Gain,4686,3,132,1239,49.9
21,Female,145,124.3,59.1,General Fitness,2264,3,255,2541,124.1
44,Female,147,111.8,51.7,Muscle Gain,1252,7,581,3129,112.9
46,Male,147,134.4,62.2,Weight Loss,1935,4,240,2428,132.0
45,Female,181,109.3,33.4,General Fitness,2243,6,540,1512,109.4
52,Male,163,134.0,50.4,Muscle Gain,3444,0,0,0,134.9
25,Female,173,95.5,31.9,Weight Loss,4033,6,696,3078,91.6
33,Female,169,100.0,35.0,Muscle Gain,4407,1,89,573,101.0
59,Male,177,137.7,44.0,Maintenance,2752,6,492,1416,137.1
53,Male,180,104.2,32.2,Weight Loss,2737,5,575,4615,101.2
47,Male,173,43.1,14.4,Maintenance,2052,2,180,1446,42.8
35,Female,170,112.4,38.9,Weight Loss,1493,1,109,283,111.8
19,Female,148,130.5,59.6,Maintenance,1958,1,71,293,130.4
30,Male,193,119.6,32.1,General Fitness,3021,7,406,4298,119.2
21,Male,158,98.4,39.4,Maintenance,2747,2,226,1082,98.7
43,Female,194,107.1,28.5,Muscle Gain,4573,3,168,2754,107.9
42,Female,171,139.0,47.5,Weight Loss,2177,5,365,3745,137.0
47,Female,177,49.1,15.7,Muscle Gain,1991,7,238,4340,48.9
28,Male,166,106.7,38.7,Maintenance,4302,4,324,2188,107.3
24,Female,192,68.3,18.5,Weight Loss,3149,3,246,2742,65.2
48,Male,147,104.0,48.1,Maintenance,3874,6,486,5886,103.8
27,Female,167,100.8,36.1,General Fitness,3224,3,201,2358,100.2
56,Female,165,55.3,20.3,General Fitness,4764,0,0,0,55.5
30,Male,185,60.7,17.7,General Fitness,4031,7,574,2457,61.3
48,Male,167,102.2,36.6,Maintenance,1926,1,31,721,102.1
24,Male,148,52.8,24.1,Maintenance,3279,1,83,237,53.4
59,Female,165,66.5,24.4,General Fitness,3059,5,565,3130,65.7
59,Female,181,123.5,37.7,Maintenance,2209,6,636,1824,124.5
53,Female,187,72.7,20.8,Muscle Gain,3808,7,833,2548,73.8
37,Male,175,88.8,29.0,Maintenance,1931,1,64,743,87.9
21,Female,165,134.1,49.3,Muscle Gain,3313,7,525,2877,134.9
24,Male,170,62.7,21.7,General Fitness,2925,4,404,2900,62.4
18,Male,185,79.0,23.1,Maintenance,2158,4,432,3764,79.6
59,Male,179,100.6,31.4,General Fitness,1756,6,504,1986,100.2
30,Female,182,115.5,34.9,Weight Loss,2054,7,707,2457,113.3
39,Female,168,130.2,46.1,Maintenance,4930,4,160,1180,130.9
38,Male,155,131.5,54.7,Maintenance,1455,2,116,1404,130.6
39,Female,185,117.7,34.4,General Fitness,1258,6,588,4326,116.3
45,Male,173,62.8,21.0,General Fitness,4175,5,460,2865,63.2
26,Male,191,42.5,11.6,General Fitness,1430,4,304,860,41.9
43,Female,199,78.4,19.8,Weight Loss,4453,7,252,6146,74.3
26,Male,147,54.2,25.1,Weight Loss,3516,0,0,0,52.7
32,Male,145,111.0,52.8,General Fitness,4584,0,0,0,111.4
27,Female,196,106.1,27.6,Maintenance,2964,3,279,1824,105.9
41,Male,198,44.4,11.3,Maintenance,2973,3,123,618,44.5
59,Male,163,123.7,46.6,General Fitness,4278,5,205,4475,123.6
25,Male,190,64.9,18.0,Muscle Gain,1646,6,390,2664,66.0
41,Male,193,83.2,22.3,Weight Loss,1446,3,174,2379,80.1
33,Male,166,106.8,38.8,Weight Loss,3830,3,120,2526,104.2
43,Male,158,82.9,33.2,Muscle Gain,2112,0,0,0,84.8
44,Male,193,84.1,22.6,General Fitness,1194,3,297,1962,84.3
54,Female,158,46.6,18.7,Maintenance,2437,7,798,5495,46.9
21,Female,188,80.1,22.7,Maintenance,2145,0,0,0,80.2
41,Male,160,116.5,45.5,Weight Loss,3509,4,304,1084,114.6
36,Male,177,131.5,42.0,Muscle Gain,2139,4,248,1436,132.7
53,Female,157,81.3,33.0,Maintenance,1195,5,550,1430,82.1
56,Female,182,82.4,24.9,Weight Loss,3083,2,192,1200,80.5
27,Female,193,110.3,29.6,Maintenance,3114,3,216,1983,109.9
42,Female,156,134.3,55.2,Maintenance,1644,4,188,2912,135.1
35,Female,199,66.7,16.8,Maintenance,4352,4,412,1152,67.7
36,Male,195,84.0,22.1,Weight Loss,4550,6,492,5160,80.3
53,Female,182,119.6,36.1,Muscle Gain,2034,5,340,1025,120.2
27,Female,183,101.0,30.2,General Fitness,2753,7,707,5565,100.4
50,Female,177,51.1,16.3,Muscle Gain,1321,1,63,283,52.0
22,Male,177,102.8,32.8,Maintenance,2691,1,66,449,103.0
52,Male,173,58.7,19.6,Muscle Gain,3287,5,350,4325,60.2
51,Male,149,91.0,41.0,Maintenance,2016,0,0,0,89.9
50,Male,150,92.9,41.3,Weight Loss,4131,2,78,542,90.8
38,Male,175,127.6,41.7,Weight Loss,1649,6,414,4920,123.4
34,Male,160,86.2,33.7,Weight Loss,3609,6,282,1866,83.9
39,Female,175,67.9,22.2,Maintenance,2702,5,270,1855,68.4
54,Male,169,63.1,22.1,Muscle Gain,3212,7,490,6286,63.1
32,Male,192,127.4,34.6,General Fitness,1830,1,65,996,126.6
52,Female,190,57.1,15.8,General Fitness,1188,2,62,944,56.9
45,Male,177,82.6,26.4,Weight Loss,2510,4,448,2916,80.1
24,Female,157,58.7,23.8,General Fitness,1091,5,515,4395,58.1
49,Female,196,117.3,30.5,Maintenance,4877,0,0,0,117.0
28,Male,154,87.4,36.9,Muscle Gain,2911,2,192,562,88.3
27,Female,168,75.1,26.6,General Fitness,3336,1,82,274,75.6
26,Female,154,76.1,32.1,General Fitness,4580,4,192,2512,76.5
31,Female,185,125.2,36.6,Muscle Gain,4146,5,275,3295,126.1
30,Female,175,95.4,31.2,General Fitness,2580,6,498,3270,94.8
42,Male,157,111.8,45.4,Muscle Gain,4499,3,240,1344,113.6
19,Female,147,129.7,60.0,Maintenance,2408,6,324,5052,129.8
52,Male,194,130.2,34.6,Maintenance,4124,7,322,4102,130.2
24,Female,196,72.9,19.0,Maintenance,1174,7,721,6384,73.1
38,Female,178,135.2,42.7,Weight Loss,2696,6,540,3372,131.4
35,Female,193,42.5,11.4,Maintenance,4650,4,300,1980,43.0
20,Male,172,77.7,26.3,General Fitness,1473,1,84,267,77.7
59,Male,163,129.6,48.8,Weight Loss,2934,5,395,3185,125.9
56,Male,167,67.5,24.2,Weight Loss,4432,1,104,731,65.0
58,Female,189,67.3,18.8,Weight Loss,1269,3,120,2946,64.8
28,Female,176,70.3,22.7,Maintenance,3044,7,287,5628,69.0
56,Female,157,101.2,41.1,Weight Loss,3454,6,414,1992,98.7
41,Female,177,83.8,26.7,Maintenance,4195,4,308,1976,83.2
36,Male,178,112.7,35.6,Maintenance,1693,2,170,990,113.3
21,Female,177,129.5,41.3,Weight Loss,1375,2,74,1692,126.8
43,Male,200,107.4,26.8,Weight Loss,2415,4,468,928,104.6
55,Female,149,60.4,27.2,General Fitness,3229,7,301,4011,59.4
59,Male,200,133.3,33.3,Weight Loss,3083,2,232,462,131.1
49,Male,147,66.4,30.7,Maintenance,2235,6,510,4524,67.2
56,Female,151,55.0,24.1,General Fitness,4967,7,581,3528,55.7
53,Female,168,49.0,17.4,General Fitness,2971,5,230,4960,48.0
57,Male,166,96.3,34.9,Maintenance,1133,4,296,1228,95.9
54,Female,189,51.4,14.4,Weight Loss,3912,4,136,1180,50.4
50,Female,167,53.9,19.3,Weight Loss,1923,1,32,265,52.2
53,Male,174,70.0,23.1,Muscle Gain,1689,0,0,0,71.3
20,Male,162,68.2,26.0,Weight Loss,2701,1,113,429,67.2
26,Male,176,100.4,32.4,Muscle Gain,4997,2,98,1864,101.3
25,Male,200,121.7,30.4,General Fitness,3029,0,0,0,121.6
50,Female,197,116.1,29.9,General Fitness,3538,4,200,2404,116.0
23,Male,151,66.2,29.0,General Fitness,2872,2,218,1978,65.7
58,Male,177,64.5,20.6,Muscle Gain,1840,7,434,2086,64.5
56,Male,149,136.6,61.5,Maintenance,1987,3,102,1410,137.7
21,Female,193,40.8,11.0,Maintenance,2461,2,106,1948,40.4
30,Male,172,128.0,43.3,General Fitness,1838,0,0,0,127.5
19,Female,152,60.0,26.0,Muscle Gain,4117,0,0,0,61.2
22,Male,159,134.7,53.3,Muscle Gain,3715,4,220,2908,135.4
44,Male,196,74.2,19.3,General Fitness,4472,5,590,1840,73.9
49,Female,148,84.0,38.3,Weight Loss,4559,3,186,660,83.3
38,Male,178,110.7,34.9,General Fitness,4067,4,188,2956,110.8
25,Male,149,98.8,44.5,Muscle Gain,3479,3,141,2382,100.1
55,Female,177,71.8,22.9,Weight Loss,2451,3,201,2952,68.9
25,Male,149,95.4,43.0,Maintenance,1747,4,248,2384,95.2
20,Male,182,113.1,34.1,Weight Loss,3875,6,336,1410,112.1
20,Male,178,44.2,14.0,Maintenance,4643,2,156,1388,43.7
39,Male,170,41.1,14.2,Muscle Gain,3564,7,553,3591,42.0
23,Female,145,85.8,40.8,General Fitness,3509,1,44,689,84.9
19,Male,148,53.2,24.3,General Fitness,1965,3,318,1425,52.8
40,Female,183,106.4,31.8,General Fitness,2926,7,567,3024,106.0
19,Male,198,61.4,15.7,General Fitness,3038,6,582,4890,61.3
55,Female,170,83.3,28.8,General Fitness,3228,0,0,0,83.6
34,Male,177,59.8,19.1,Muscle Gain,1144,4,216,820,61.1
52,Female,177,94.8,30.3,Muscle Gain,2850,5,525,3670,94.9
51,Male,152,51.6,22.3,General Fitness,4336,6,630,5286,51.9
40,Female,164,42.3,15.7,Weight Loss,1734,2,108,1726,41.2
47,Female,160,45.1,17.6,General Fitness,3453,7,434,3101,44.8
25,Male,165,135.4,49.7,Maintenance,3860,6,534,2640,135.6
39,Female,189,54.2,15.2,Maintenance,4016,3,198,2916,54.2
53,Male,199,110.8,28.0,Maintenance,4002,5,360,3785,111.7
22,Male,200,46.8,11.7,Maintenance,4919,6,228,2832,48.1
30,Male,170,50.8,17.6,General Fitness,3531,2,86,548,51.6
46,Male,167,90.9,32.6,Maintenance,3529,7,224,3374,90.1
48,Male,162,86.5,33.0,Weight Loss,4308,6,588,5442,82.2
33,Female,175,135.2,44.1,General Fitness,4596,4,340,2936,135.3
59,Male,196,134.5,35.0,Maintenance,3386,5,275,1430,134.5
47,Male,186,118.0,34.1,General Fitness,3315,0,0,0,118.6
33,Male,156,100.2,41.2,General Fitness,3313,3,210,1044,100.0
29,Male,145,85.5,40.7,General Fitness,1527,7,777,2443,85.8
34,Male,186,75.6,21.9,Muscle Gain,4163,3,150,2328,76.6
33,Male,153,134.7,57.5,Maintenance,4319,5,340,1795,134.8
29,Female,147,100.3,46.4,Muscle Gain,4090,2,218,1290,100.5
25,Female,195,97.9,25.7,Weight Loss,3919,4,208,3980,94.1
37,Male,170,63.2,21.9,Weight Loss,4461,6,618,1686,61.8
20,Female,153,44.7,19.1,Muscle Gain,2411,7,609,1442,45.2
33,Male,186,134.5,38.9,Maintenance,3973,6,588,2286,134.8
47,Male,195,71.4,18.8,General Fitness,4686,1,104,725,71.8
40,Male,160,84.3,32.9,Weight Loss,2118,3,174,2031,82.0
45,Male,168,51.5,18.2,Weight Loss,1429,6,546,2292,49.2
57,Male,194,123.7,32.9,Weight Loss,3842,0,0,0,121.9
22,Female,158,42.8,17.1,Maintenance,3988,3,222,2265,42.7
37,Female,147,123.4,57.1,Muscle Gain,4796,3,168,1119,125.9
57,Female,178,54.0,17.0,Muscle Gain,2060,1,63,213,54.1
18,Female,177,128.7,41.1,Maintenance,2416,1,43,499,128.2
47,Male,194,113.0,30.0,Weight Loss,2596,4,280,1088,110.7
38,Female,168,56.5,20.0,Maintenance,4362,6,618,5604,55.6
37,Male,153,96.6,41.3,Maintenance,2897,6,534,4278,97.2
23,Female,157,71.3,28.9,Muscle Gain,3350,3,213,2763,72.1
39,Female,146,57.8,27.1,Maintenance,2779,3,240,2916,57.5
35,Female,151,125.9,55.2,Maintenance,4988,2,208,1602,125.4
25,Female,192,80.4,21.8,Weight Loss,3448,2,80,1084,79.0
56,Male,165,79.9,29.3,General Fitness,3870,6,384,3570,79.1
49,Female,163,57.0,21.5,Weight Loss,3391,7,336,6741,51.2
50,Female,169,78.3,27.4,Muscle Gain,3910,5,585,2660,79.7
33,Male,191,127.2,34.9,General Fitness,1517,5,470,2770,127.8
29,Male,166,76.3,27.7,Weight Loss,2400,0,0,0,74.7
55,Female,155,135.2,56.3,Maintenance,4889,6,540,2172,135.2
51,Male,177,134.6,43.0,Maintenance,1164,6,456,1890,134.9
31,Male,176,54.5,17.6,General Fitness,4084,6,258,3612,55.0
53,Male,165,57.7,21.2,General Fitness,3072,0,0,0,57.1
50,Female,183,126.3,37.7,Maintenance,4807,2,162,1292,126.6
40,Male,164,79.3,29.5,Muscle Gain,2146,5,305,1035,80.8
19,Female,152,40.4,17.5,Weight Loss,1128,6,654,1332,41.2
58,Female,186,67.4,19.5,Maintenance,3864,0,0,0,67.3
38,Female,181,99.8,30.5,Weight Loss,2657,3,138,2970,96.4
19,Female,153,119.9,51.2,Weight Loss,4618,7,483,5194,116.6
44,Male,169,53.3,18.7,Weight Loss,2017,5,485,3065,50.3
26,Female,169,51.1,17.9,Weight Loss,1594,1,92,881,50.0
18,Male,177,132.2,42.2,Muscle Gain,2332,5,220,4205,132.2
28,Female,146,115.1,54.0,Muscle Gain,3483,3,204,1824,116.8
20,Male,163,99.0,37.3,Muscle Gain,1181,2,172,1736,100.1
40,Female,190,116.9,32.4,Maintenance,2611,4,156,884,117.3
43,Male,164,82.9,30.8,Maintenance,3663,4,400,3348,83.3
21,Female,186,115.8,33.5,Maintenance,1743,2,92,1204,115.4
35,Female,185,77.2,22.6,Muscle Gain,2838,7,735,6160,78.9
23,Male,186,64.4,18.6,Weight Loss,3090,3,138,2631,61.7
52,Female,173,112.9,37.7,Muscle Gain,3451,0,0,0,113.3
39,Female,150,82.0,36.4,Maintenance,2952,5,535,2645,81.1
60,Female,161,138.1,53.3,General Fitness,1604,5,160,1105,138.3
32,Male,169,74.9,26.2,Maintenance,3703,0,0,0,74.8
39,Female,182,132.2,39.9,Weight Loss,2789,4,300,1852,128.3
54,Female,148,133.3,60.9,Muscle Gain,2613,6,504,3012,133.6
59,Male,174,64.2,21.2,General Fitness,1262,6,330,5844,64.5
29,Male,164,119.8,44.5,General Fitness,3117,2,210,1846,120.9
59,Male,147,83.3,38.5,Weight Loss,1660,6,360,3984,80.3
55,Male,167,131.8,47.3,Muscle Gain,2315,2,220,726,132.5
35,Male,195,85.0,22.4,General Fitness,4285,6,606,2010,84.5
52,Female,162,114.4,43.6,Maintenance,3919,1,48,451,114.7
47,Female,170,86.7,30.0,Weight Loss,1821,4,476,1616,85.3
41,Female,200,62.8,15.7,General Fitness,3194,7,679,3507,64.1
59,Male,180,59.9,18.5,Weight Loss,3072,2,88,882,58.5
47,Female,152,82.5,35.7,Muscle Gain,2346,1,87,990,83.1
31,Male,161,115.5,44.6,Muscle Gain,3019,0,0,0,117.3
23,Male,175,100.5,32.8,Muscle Gain,4180,4,236,2656,101.1
20,Female,181,108.9,33.2,Maintenance,3740,4,308,2004,109.0
33,Male,189,68.2,19.1,General Fitness,3298,2,170,1342,68.4
24,Male,177,88.1,28.1,Muscle Gain,3529,2,142,1186,89.4
31,Female,171,44.4,15.2,Maintenance,3762,3,159,2418,43.7
26,Male,189,121.8,34.1,Muscle Gain,1815,6,486,5154,122.6
32,Male,148,139.0,63.5,Muscle Gain,1681,0,0,0,141.2
38,Female,166,80.7,29.3,General Fitness,3222,0,0,0,81.3
52,Male,170,41.1,14.2,Maintenance,4418,5,445,3645,41.4
19,Male,176,57.0,18.4,Muscle Gain,2193,1,112,386,58.8
44,Female,168,105.3,37.3,Maintenance,1001,7,224,2877,105.0
19,Female,190,101.2,28.0,Maintenance,4717,1,97,234,101.3
52,Female,179,118.8,37.1,Muscle Gain,1638,3,120,1038,119.8
35,Female,181,65.4,20.0,Muscle Gain,4629,5,210,2405,66.6
31,Male,176,116.4,37.6,Weight Loss,3753,0,0,0,114.9
37,Male,151,108.8,47.7,General Fitness,3409,6,666,4722,107.7
35,Female,177,72.3,23.1,Muscle Gain,4792,6,288,4698,73.2
27,Male,175,94.5,30.9,Weight Loss,4367,7,511,3136,91.4
42,Male,199,54.7,13.8,General Fitness,3617,6,372,1536,54.8
19,Female,156,85.3,35.1,Muscle Gain,1589,6,402,3024,86.2
42,Female,155,128.1,53.3,Maintenance,1201,1,32,721,128.0
50,Male,168,82.1,29.1,General Fitness,2004,0,0,0,82.4
53,Female,152,124.0,53.7,Maintenance,2312,6,384,3360,123.6
48,Female,176,99.0,32.0,Weight Loss,3025,0,0,0,98.4
31,Female,182,59.2,17.9,Muscle Gain,4133,5,335,2165,60.4
18,Male,166,98.1,35.6,Weight Loss,4573,1,68,422,96.5
33,Female,178,90.6,28.6,Muscle Gain,2803,2,108,1630,92.4
20,Male,163,79.9,30.1,Muscle Gain,1125,2,186,1052,81.4
52,Male,196,52.0,13.5,Maintenance,4039,5,210,1485,52.0
58,Male,164,81.7,30.4,Weight Loss,3096,1,97,425,80.2
23,Female,200,47.3,11.8,Maintenance,4671,7,693,6531,47.4
42,Female,158,49.9,20.0,Maintenance,1845,3,312,2064,50.5
30,Female,177,81.6,26.0,Maintenance,2796,4,120,2708,80.6
51,Female,154,70.5,29.7,Weight Loss,1178,5,505,2665,68.2
25,Female,160,132.6,51.8,Muscle Gain,2604,0,0,0,133.5
38,Male,148,77.6,35.4,Muscle Gain,2902,5,190,3770,78.0
51,Male,171,115.8,39.6,Weight Loss,4999,4,260,2844,113.6
21,Male,172,93.0,31.4,Muscle Gain,1492,7,462,4067,93.7
42,Female,187,110.4,31.6,Weight Loss,4504,5,440,3110,107.3
32,Male,160,66.0,25.8,Weight Loss,3619,1,50,547,64.4
21,Male,196,134.2,34.9,Muscle Gain,3349,0,0,0,135.8
29,Female,177,93.0,29.7,General Fitness,1963,4,120,2604,93.0
49,Female,192,123.1,33.4,Maintenance,4832,6,528,2934,123.0
49,Male,163,76.5,28.8,Weight Loss,4037,2,114,1870,73.6
45,Male,165,50.0,18.4,Weight Loss,2192,3,300,954,47.9
30,Female,166,107.4,39.0,General Fitness,4024,5,425,2065,107.5
48,Female,153,40.8,17.4,Weight Loss,2986,5,190,3820,41.1
31,Female,153,87.5,37.4,Weight Loss,1268,4,376,3724,83.2
37,Female,153,59.3,25.3,Muscle Gain,2387,3,195,1914,59.7
35,Male,171,102.7,35.1,Muscle Gain,1623,5,315,4770,104.3
46,Male,161,137.9,53.2,General Fitness,3147,7,770,5348,138.0
23,Female,188,86.4,24.4,Weight Loss,4985,2,122,1656,84.9
49,Male,189,121.7,34.1,Maintenance,3262,4,380,2584,121.4
46,Male,152,90.8,39.3,Muscle Gain,3672,1,54,241,92.3
60,Female,160,89.6,35.0,Maintenance,3144,0,0,0,89.4
19,Male,162,133.0,50.7,Maintenance,1818,2,184,892,133.9
40,Male,177,129.0,41.2,General Fitness,3677,3,357,1470,128.4
36,Male,145,118.6,56.4,General Fitness,1547,3,222,1341,119.1
48,Female,156,69.6,28.6,Weight Loss,1336,2,110,1624,66.9
22,Female,150,94.5,42.0,General Fitness,1358,6,300,4788,95.7
36,Male,185,62.4,18.2,Muscle Gain,4361,1,111,648,63.7
51,Female,199,84.4,21.3,Weight Loss,2419,5,400,1415,82.8
27,Female,149,88.4,39.8,Weight Loss,2924,1,53,972,87.3
42,Female,160,123.2,48.1,Maintenance,1815,5,205,2100,122.8
19,Male,162,129.6,49.4,Maintenance,1359,5,200,4325,129.7
28,Male,193,81.5,21.9,Maintenance,4062,3,168,750,81.1
48,Female,162,41.8,15.9,Weight Loss,1346,5,260,3745,40.5
32,Male,145,126.2,60.0,General Fitness,2147,2,124,1940,125.3
26,Male,163,57.4,21.6,General Fitness,1551,6,654,2316,57.7
40,Male,198,102.2,26.1,General Fitness,4724,5,335,3620,101.6
36,Male,152,42.5,18.4,Weight Loss,3585,2,168,844,40.8
26,Male,147,80.0,37.0,Weight Loss,3701,0,0,0,78.4
52,Female,169,138.6,48.5,Weight Loss,2887,3,213,1854,135.4
38,Male,149,50.1,22.6,Weight Loss,2930,7,406,2002,48.6
26,Male,199,82.4,20.8,Weight Loss,1421,1,63,458,82.5
45,Male,184,70.7,20.9,General Fitness,1335,4,344,1520,70.7
24,Female,163,130.5,49.1,Weight Loss,2526,1,32,510,128.8
33,Female,162,126.9,48.4,General Fitness,1056,1,35,372,126.9
33,Female,194,63.8,17.0,Weight Loss,2685,6,462,3126,61.7
50,Male,197,48.1,12.4,General Fitness,4064,7,651,6342,48.8
21,Female,175,102.7,33.5,Muscle Gain,4950,4,168,2156,103.7
21,Female,177,73.6,23.5,Muscle Gain,3959,6,390,4170,74.1
56,Female,191,107.2,29.4,General Fitness,3764,7,756,3108,106.3
57,Female,162,43.2,16.5,Muscle Gain,4147,3,297,2112,43.8
34,Male,183,53.3,15.9,Muscle Gain,4537,5,310,2640,54.1
54,Female,160,108.6,42.4,General Fitness,3332,0,0,0,108.4
56,Female,160,61.2,23.9,Weight Loss,1721,1,86,261,59.1
46,Male,191,125.8,34.5,Weight Loss,1385,6,504,1344,123.4
53,Male,182,45.9,13.9,General Fitness,1949,5,210,3815,46.4
55,Female,185,61.5,18.0,Maintenance,3817,1,80,761,62.3
56,Male,151,139.9,61.4,Maintenance,4330,3,246,1731,139.4
54,Female,158,83.3,33.4,Muscle Gain,2500,3,195,1482,84.3
52,Male,187,110.3,31.5,Maintenance,2719,2,68,502,110.2
24,Male,197,58.3,15.0,Muscle Gain,3887,3,162,717,60.0
44,Female,192,101.0,27.4,Weight Loss,3058,7,770,6601,95.5
45,Male,169,112.6,39.4,General Fitness,4019,3,198,2313,112.8
39,Female,176,71.4,23.1,Weight Loss,3719,1,48,927,71.0
31,Male,182,122.9,37.1,General Fitness,1259,0,0,0,123.2
24,Female,166,100.3,36.4,Maintenance,1392,6,378,5448,100.6
54,Male,160,78.9,30.8,Weight Loss,1599,1,83,987,77.0
39,Male,196,95.8,24.9,Weight Loss,4440,6,450,1206,93.2
22,Male,173,97.7,32.6,Muscle Gain,4255,5,175,3340,97.6
19,Male,160,56.6,22.1,General Fitness,2039,6,672,1830,56.7
44,Male,156,80.3,33.0,Maintenance,1755,3,90,1245,80.6
38,Female,161,74.3,28.7,Weight Loss,4577,2,200,1952,72.1
55,Male,181,80.1,24.4,General Fitness,4157,0,0,0,79.6
32,Female,171,116.1,39.7,Maintenance,3758,2,170,1916,116.7
38,Female,169,88.3,30.9,Weight Loss,4081,4,448,2452,85.9
27,Female,157,134.0,54.4,General Fitness,1476,2,110,818,133.5
40,Male,152,69.4,30.0,Muscle Gain,2187,7,497,1799,70.2
56,Female,200,81.6,20.4,Weight Loss,3071,2,134,484,80.0
22,Male,149,118.7,53.5,General Fitness,2599,5,275,1685,118.9
18,Female,156,94.6,38.9,Maintenance,3359,3,264,2460,95.4
30,Female,185,94.7,27.7,Maintenance,4309,7,791,4816,94.1
38,Female,147,45.3,21.0,Muscle Gain,3509,5,265,3795,46.4
43,Female,179,79.9,24.9,Weight Loss,4533,3,150,2511,78.2
38,Female,177,67.1,21.4,Muscle Gain,4928,7,623,4676,67.9
35,Male,166,139.9,50.8,General Fitness,2261,5,595,4625,140.9
54,Female,194,70.8,18.8,Maintenance,3069,3,147,2517,71.1
49,Female,200,128.4,32.1,Muscle Gain,3227,7,245,4116,129.6
53,Male,188,107.6,30.4,Weight Loss,2841,7,672,2779,105.6
34,Male,153,74.1,31.7,General Fitness,2582,7,273,2807,74.0
52,Male,185,94.4,27.6,Weight Loss,3838,6,246,2346,92.0
28,Female,162,124.1,47.3,Muscle Gain,2759,3,153,918,124.8
38,Female,194,128.3,34.1,Maintenance,1729,7,637,6335,127.6
43,Female,173,56.0,18.7,Maintenance,4570,3,270,1578,56.7
21,Female,183,74.0,22.1,Muscle Gain,2498,2,218,1898,75.4
51,Female,171,73.5,25.1,Weight Loss,1748,4,184,3372,71.2
35,Female,180,44.2,13.6,Weight Loss,1715,3,117,1668,43.1
57,Male,189,99.8,27.9,Weight Loss,3386,4,164,3176,97.2
52,Male,161,125.5,48.4,Weight Loss,1530,4,448,2800,123.6
58,Female,200,78.2,19.6,Maintenance,1691,1,69,483,78.7
46,Female,178,114.0,36.0,Weight Loss,3209,1,52,667,112.2
46,Female,190,102.8,28.5,Muscle Gain,4868,0,0,0,103.7
55,Female,147,77.6,35.9,Muscle Gain,4132,6,618,5598,78.7
59,Female,149,54.1,24.4,Muscle Gain,2108,7,721,2135,54.5
38,Male,158,110.9,44.4,Muscle Gain,2570,7,553,3451,111.8
59,Male,147,125.5,58.1,Weight Loss,1489,7,273,1855,123.1
30,Female,167,108.6,38.9,Maintenance,1004,5,165,1970,109.1
58,Male,183,41.8,12.5,General Fitness,1075,1,30,387,41.6
34,Female,174,61.6,20.3,Weight Loss,2276,3,216,738,60.4
26,Female,194,46.9,12.5,General Fitness,3054,4,448,2244,46.5
58,Female,189,97.0,27.2,Maintenance,3728,5,170,3680,98.2
18,Male,167,115.6,41.5,Weight Loss,4713,7,833,5439,110.1
19,Male,171,51.1,17.5,General Fitness,1472,0,0,0,50.0
46,Female,198,123.8,31.6,Maintenance,4209,7,665,5446,124.3
50,Male,154,95.6,40.3,General Fitness,2381,1,53,908,94.7
27,Male,169,109.0,38.2,Muscle Gain,3859,2,86,890,109.8
57,Female,157,137.1,55.6,Muscle Gain,1837,6,420,4866,139.0
38,Male,160,48.4,18.9,Maintenance,1602,5,355,1885,48.3
45,Male,185,130.1,38.0,Maintenance,2186,0,0,0,130.2
28,Female,178,52.6,16.6,General Fitness,3365,3,174,2637,52.2
51,Female,199,79.3,20.0,Maintenance,2481,5,470,4150,80.1
25,Male,181,125.1,38.2,Muscle Gain,4324,4,300,1456,125.1
39,Female,166,130.6,47.4,Muscle Gain,4272,3,189,1254,131.4
25,Male,161,90.6,35.0,Weight Loss,4603,3,276,1188,88.8
32,Female,167,99.4,35.6,General Fitness,2764,5,165,3000,99.6
34,Female,198,110.8,28.3,Maintenance,2698,7,399,6636,111.3
40,Female,180,123.3,38.1,Maintenance,4236,2,224,1760,123.8
41,Female,193,52.2,14.0,Maintenance,1231,2,60,550,52.8
36,Male,153,121.0,51.7,General Fitness,1327,7,455,4375,121.1
22,Female,196,88.1,22.9,Muscle Gain,3285,5,210,2430,90.0
49,Female,146,85.1,39.9,Maintenance,2143,7,238,5208,83.8
18,Female,176,82.4,26.6,Maintenance,1949,5,215,2490,82.1
40,Male,200,90.9,22.7,Muscle Gain,2886,5,545,4705,91.9
54,Male,194,134.5,35.7,Maintenance,3942,6,366,5436,134.8
25,Female,197,94.8,24.4,Weight Loss,4952,6,474,2958,92.0
30,Female,166,135.3,49.1,Muscle Gain,3666,4,224,2584,136.3
25,Female,187,58.0,16.6,Muscle Gain,3297,1,64,613,58.7
40,Female,157,112.4,45.6,Muscle Gain,2359,3,96,1890,114.2
60,Female,152,121.2,52.5,Weight Loss,2307,5,165,4945,117.3
18,Female,145,107.9,51.3,Muscle Gain,1197,6,216,2574,108.4
41,Male,161,100.7,38.8,General Fitness,1415,1,106,295,100.6
52,Female,156,96.5,39.7,General Fitness,3779,4,128,2552,96.4
41,Female,148,126.1,57.6,General Fitness,2418,3,330,1110,126.8
34,Female,197,122.2,31.5,Muscle Gain,1937,1,88,516,122.8
22,Female,157,52.2,21.2,Muscle Gain,4222,3,309,2229,53.5
37,Female,175,124.9,40.8,Muscle Gain,4869,7,210,4830,126.4
38,Female,185,81.4,23.8,Weight Loss,4336,2,114,1174,79.8
57,Male,151,65.4,28.7,General Fitness,2243,5,440,3780,65.2
48,Male,167,127.0,45.5,Maintenance,2239,7,574,1897,126.4
53,Male,168,83.2,29.5,Maintenance,2338,2,78,1462,82.6
28,Male,149,120.8,54.4,Muscle Gain,2691,0,0,0,120.5
32,Male,149,66.3,29.9,Weight Loss,1215,4,128,3640,61.8
36,Male,161,40.4,15.6,Muscle Gain,4406,5,180,3880,41.7
24,Female,174,89.5,29.6,Maintenance,4430,7,266,6293,90.0
45,Female,153,50.0,21.4,General Fitness,2649,1,119,288,49.8
60,Female,150,115.4,51.3,Maintenance,2184,3,294,2736,115.3
22,Female,169,67.6,23.7,General Fitness,3862,6,252,4404,67.1
22,Female,163,84.4,31.8,General Fitness,1609,0,0,0,85.0
47,Female,160,48.7,19.0,Weight Loss,3558,4,364,1412,46.6
49,Male,165,68.7,25.2,Maintenance,1917,4,364,3156,68.8
25,Female,146,118.1,55.4,Muscle Gain,1156,4,156,1556,118.7
27,Male,154,55.2,23.3,Weight Loss,1161,1,116,614,54.1
55,Male,160,104.7,40.9,General Fitness,1041,7,280,2471,104.6
49,Female,181,131.7,40.2,Maintenance,4251,5,525,4120,130.8
45,Female,159,108.0,42.7,Muscle Gain,3350,2,182,1076,109.2
34,Female,157,121.1,49.1,Weight Loss,2353,0,0,0,120.4
48,Female,157,50.9,20.6,Muscle Gain,2586,7,595,5012,52.2
25,Female,176,65.1,21.0,Maintenance,4061,1,78,234,65.0
57,Female,189,129.5,36.3,Muscle Gain,3811,3,135,2949,131.3
42,Female,191,111.5,30.6,Weight Loss,2452,1,102,870,110.6
26,Male,190,104.0,28.8,Muscle Gain,4421,3,309,2763,104.3
19,Female,152,106.4,46.1,Maintenance,1119,3,114,2175,106.5
32,Female,187,81.4,23.3,Weight Loss,2098,4,248,2944,78.1
20,Male,162,44.5,17.0,General Fitness,3037,1,117,417,45.5
53,Female,200,118.4,29.6,Weight Loss,3721,2,128,906,116.4
21,Female,180,107.9,33.3,Maintenance,3708,3,312,1206,107.9
31,Male,170,87.3,30.2,Muscle Gain,1122,6,408,1800,88.2
58,Female,154,130.0,54.8,General Fitness,3700,4,424,2240,129.9
58,Female,175,73.6,24.0,General Fitness,4253,2,232,1880,72.6
42,Female,177,69.4,22.2,Muscle Gain,3968,7,378,6370,71.1
27,Female,173,127.3,42.5,Maintenance,4061,7,763,2639,127.5
38,Female,149,119.7,53.9,Weight Loss,4961,7,595,3325,117.1
53,Female,157,91.5,37.1,Maintenance,1788,1,77,511,91.2
29,Male,145,53.1,25.3,General Fitness,1256,2,228,1682,52.6
44,Female,167,61.5,22.1,Weight Loss,2860,1,39,609,59.8
57,Female,184,105.6,31.2,Weight Loss,3804,3,210,2970,102.7
19,Male,147,78.5,36.3,Muscle Gain,3645,7,784,3409,80.0
30,Male,147,123.6,57.2,Maintenance,4654,0,0,0,123.9
49,Female,151,135.0,59.2,Weight Loss,2292,0,0,0,133.4
48,Male,180,120.6,37.2,Muscle Gain,4564,7,490,4200,120.5
33,Female,179,77.8,24.3,Maintenance,4251,5,475,2080,78.9
49,Female,159,118.9,47.0,General Fitness,3838,5,400,4485,118.4
49,Male,184,75.1,22.2,General Fitness,2172,3,273,2007,74.6
51,Female,147,56.7,26.2,Maintenance,4589,2,118,452,56.3
28,Female,173,43.3,14.5,Weight Loss,2171,1,69,929,41.9
27,Male,174,78.6,26.0,Weight Loss,4915,7,483,4347,75.6
32,Male,183,130.4,38.9,General Fitness,1679,0,0,0,130.1
34,Male,162,63.9,24.3,General Fitness,4080,7,637,4900,64.6
57,Male,155,60.7,25.3,Weight Loss,2201,1,44,853,59.4
35,Female,187,137.0,39.2,Maintenance,3843,3,96,1572,137.6
26,Male,193,42.5,11.4,General Fitness,4466,2,106,1046,42.4
42,Male,182,118.6,35.8,Weight Loss,4699,6,420,4596,114.4
57,Male,184,72.1,21.3,Maintenance,1607,1,92,902,72.0
31,Male,145,43.7,20.8,Muscle Gain,1330,7,539,3388,44.6
42,Male,173,131.8,44.0,Maintenance,4927,2,180,576,131.2
39,Female,154,54.0,22.8,Weight Loss,3103,6,462,1464,52.5
47,Male,172,95.2,32.2,Maintenance,2230,0,0,0,95.3
37,Female,175,67.4,22.0,Weight Loss,3152,1,85,697,65.8
38,Male,163,46.5,17.5,General Fitness,1546,4,420,2788,46.0
49,Male,147,45.0,20.8,Muscle Gain,4792,0,0,0,46.5
38,Male,180,51.6,15.9,General Fitness,1792,2,214,1980,52.3
52,Male,187,47.1,13.5,General Fitness,2904,3,141,2577,47.5
49,Male,159,116.1,45.9,Weight Loss,2378,4,452,1376,114.2
47,Male,177,88.6,28.3,Weight Loss,2682,5,260,3585,84.9
56,Male,185,74.3,21.7,Weight Loss,1488,1,98,281,72.4
29,Male,187,81.8,23.4,Weight Loss,2822,7,658,5838,78.1
58,Female,195,132.9,35.0,General Fitness,4664,5,375,1830,132.5
35,Male,189,131.1,36.7,Weight Loss,2526,0,0,0,130.9
38,Female,170,111.6,38.6,Weight Loss,4121,7,763,2128,109.3
30,Male,160,128.5,50.2,General Fitness,4158,1,98,687,128.1
38,Female,180,72.0,22.2,Muscle Gain,4774,1,51,949,73.4
25,Male,177,78.1,24.9,Muscle Gain,3350,4,376,2036,79.6
57,Male,164,101.4,37.7,Maintenance,4072,4,164,1124,101.7
24,Male,157,102.4,41.5,General Fitness,4452,4,192,1172,102.5
40,Female,177,88.2,28.2,Weight Loss,1649,4,204,2080,86.0
49,Female,149,80.1,36.1,Maintenance,1647,3,252,1626,79.4
28,Female,181,138.6,42.3,Muscle Gain,2385,7,637,6972,140.3
39,Female,158,122.1,48.9,Muscle Gain,1380,7,560,3920,123.4
39,Male,171,83.5,28.6,General Fitness,4737,2,154,530,83.9
60,Male,167,112.7,40.4,Weight Loss,3209,4,184,3292,109.4
42,Male,158,67.0,26.8,Weight Loss,3066,0,0,0,66.5
39,Female,184,50.0,14.8,Maintenance,4021,7,399,4200,50.0
45,Male,148,75.2,34.3,Muscle Gain,2863,1,96,370,75.8
46,Female,183,80.3,24.0,Maintenance,3290,5,170,4790,79.9
30,Female,196,41.7,10.9,Maintenance,1128,4,356,3108,41.7
35,Female,163,121.5,45.7,Maintenance,2199,0,0,0,121.5
19,Female,191,75.9,20.8,Weight Loss,1408,3,330,2073,73.9
46,Female,198,98.0,25.0,Muscle Gain,1791,0,0,0,98.8
38,Male,148,47.4,21.6,Maintenance,3990,5,375,1000,47.4
32,Female,174,57.5,19.0,Muscle Gain,2107,5,290,1750,57.2
44,Female,163,129.0,48.6,Muscle Gain,4447,0,0,0,129.8
48,Male,175,100.9,32.9,Maintenance,1221,3,234,1371,100.2
32,Female,175,135.0,44.1,Maintenance,4396,7,504,6643,134.7
40,Female,153,139.9,59.8,General Fitness,4522,5,485,4135,138.5
41,Male,197,77.2,19.9,Weight Loss,2439,3,318,2361,74.8
30,Male,157,69.9,28.4,Muscle Gain,4728,1,49,994,71.2
39,Male,158,125.8,50.4,Maintenance,3492,4,188,872,124.8
60,Female,199,139.9,35.3,Maintenance,1617,5,465,4975,140.6
54,Male,190,103.0,28.5,Muscle Gain,2348,0,0,0,103.1
50,Male,198,119.5,30.5,Maintenance,3570,7,497,3990,119.9
20,Male,154,118.2,49.8,General Fitness,3213,2,82,1380,118.8
36,Female,192,75.5,20.5,Muscle Gain,3755,2,236,880,77.7
40,Male,175,97.4,31.8,Maintenance,3790,6,648,1236,96.7
46,Female,181,123.3,37.6,Muscle Gain,4730,1,65,748,124.9
47,Female,167,108.8,39.0,Maintenance,4942,2,74,1140,108.5
56,Male,171,42.1,14.4,Maintenance,4309,1,57,864,42.7
42,Female,150,73.7,32.8,Weight Loss,4056,7,805,6692,69.7
54,Female,170,54.4,18.8,Muscle Gain,3960,4,356,1796,55.2
25,Male,146,63.3,29.7,Weight Loss,2036,6,468,1884,60.8
59,Female,189,130.5,36.5,Maintenance,4802,1,67,752,131.6
33,Male,157,43.7,17.7,Muscle Gain,4328,3,327,1608,43.5
25,Female,195,62.0,16.3,Muscle Gain,4585,3,261,2319,62.6
18,Female,194,71.0,18.9,General Fitness,4281,6,204,5280,71.8
22,Male,163,101.7,38.3,General Fitness,4555,7,525,2387,101.6
20,Male,145,93.4,44.4,Maintenance,3412,7,728,4788,92.4
18,Female,184,61.8,18.3,Maintenance,1224,3,93,1911,62.5
21,Female,176,56.4,18.2,Maintenance,4043,5,590,4845,56.2
57,Male,166,63.7,23.1,Maintenance,3241,3,162,861,64.3
52,Female,192,90.3,24.5,General Fitness,4267,3,90,1986,90.7
49,Female,173,67.1,22.4,Muscle Gain,4471,7,686,1729,67.6
59,Female,146,134.8,63.2,Weight Loss,4843,3,207,2040,132.9
51,Female,184,86.4,25.5,Muscle Gain,1056,3,291,2169,87.8
60,Male,182,45.9,13.9,Muscle Gain,4696,5,490,2050,46.2
42,Male,192,112.9,30.6,General Fitness,3260,3,294,1329,112.4
27,Male,199,72.9,18.4,Muscle Gain,4350,3,135,1314,72.6
38,Male,155,105.3,43.8,Muscle Gain,4827,4,332,1584,106.5
56,Male,161,68.0,26.2,Maintenance,2403,7,644,6776,67.1
44,Male,199,97.1,24.5,Weight Loss,1116,7,329,3038,95.2
44,Female,195,117.2,30.8,Muscle Gain,4969,5,230,1930,117.3
19,Male,187,132.8,38.0,Muscle Gain,4522,3,333,2736,133.0
58,Female,152,66.1,28.6,Weight Loss,3646,1,33,814,64.0
30,Female,166,73.5,26.7,Maintenance,1409,6,228,2934,73.3
26,Female,148,86.4,39.4,General Fitness,2916,7,420,2940,86.5
53,Male,155,132.7,55.2,General Fitness,4438,4,136,2784,132.2
39,Female,152,130.1,56.3,Muscle Gain,4846,5,225,3475,131.1
59,Male,153,49.0,20.9,Maintenance,3859,2,142,1002,48.2
43,Female,170,53.2,18.4,General Fitness,3976,0,0,0,52.5
29,Female,146,89.6,42.0,General Fitness,4184,5,545,3245,89.7
34,Male,160,50.7,19.8,General Fitness,2983,6,678,3666,49.8
31,Female,175,74.6,24.4,General Fitness,4235,4,236,3240,74.6
31,Female,150,54.8,24.4,General Fitness,3051,3,165,1332,54.6
51,Female,197,103.6,26.7,Muscle Gain,4701,4,312,2048,103.9
37,Female,165,134.9,49.6,General Fitness,1022,0,0,0,135.0
28,Male,170,139.7,48.3,Muscle Gain,3968,0,0,0,140.1
33,Female,163,77.5,29.2,Weight Loss,1744,5,220,1335,76.5
48,Female,172,99.9,33.8,Weight Loss,1601,3,243,1773,97.7
23,Male,152,125.6,54.4,Maintenance,4035,3,201,1545,125.8
36,Female,158,51.7,20.7,Muscle Gain,4838,1,67,264,52.6
54,Female,168,109.0,38.6,Maintenance,4163,0,0,0,108.7
21,Female,192,80.9,21.9,Weight Loss,3516,3,147,2220,77.4
21,Female,188,60.6,17.1,Weight Loss,1969,0,0,0,59.7
37,Male,181,80.3,24.5,Weight Loss,2178,7,511,5369,76.7
27,Female,200,47.6,11.9,Weight Loss,2842,1,118,411,46.4
41,Male,170,109.5,37.9,General Fitness,3674,2,184,1898,109.2
52,Female,175,65.3,21.3,Weight Loss,3254,0,0,0,65.0
43,Female,200,71.1,17.8,General Fitness,4061,7,357,2639,71.1
54,Female,195,52.1,13.7,General Fitness,1080,7,707,4354,52.7
55,Male,176,126.5,40.8,Maintenance,3662,7,581,6048,126.1
38,Female,194,89.3,23.7,General Fitness,1482,1,38,661,90.0
57,Female,185,97.2,28.4,Maintenance,3639,1,44,243,97.1
56,Male,146,96.9,45.5,General Fitness,2430,6,462,3780,96.1
38,Male,169,81.0,28.4,General Fitness,4174,1,49,367,81.2
27,Male,196,59.3,15.4,Weight Loss,4311,4,256,1944,57.3
55,Male,188,114.5,32.4,Muscle Gain,4336,5,480,4540,115.6
21,Female,146,52.7,24.7,General Fitness,1032,3,267,1608,52.8
37,Female,186,50.4,14.6,Muscle Gain,3082,0,0,0,51.1
34,Female,145,111.0,52.8,Muscle Gain,2272,5,510,1850,111.2
24,Female,180,60.9,18.8,Muscle Gain,4047,4,332,1528,60.9
21,Male,156,70.7,29.1,General Fitness,4121,0,0,0,70.5
46,Female,153,87.5,37.4,Muscle Gain,1279,5,205,3475,87.0
31,Female,180,84.9,26.2,General Fitness,3007,4,468,3116,84.3
20,Female,185,110.9,32.4,Weight Loss,4825,7,336,5271,106.6
41,Female,172,102.3,34.6,General Fitness,3199,3,327,927,102.9
54,Male,182,104.4,31.5,Maintenance,2682,1,55,752,104.7
33,Female,177,111.4,35.6,Weight Loss,2574,5,260,2525,108.3
21,Female,186,69.3,20.0,Muscle Gain,1700,7,434,1435,69.3
41,Female,190,72.2,20.0,Muscle Gain,4608,5,430,4460,72.8
51,Male,166,83.8,30.4,Maintenance,2779,7,413,3304,82.7
47,Male,169,70.7,24.8,Weight Loss,3782,0,0,0,68.8
35,Female,162,138.5,52.8,Maintenance,2018,1,103,384,138.2
36,Female,150,121.4,54.0,Muscle Gain,2253,6,390,5130,122.6
48,Female,162,56.5,21.5,General Fitness,1664,3,345,897,57.5
36,Male,196,40.6,10.6,Muscle Gain,3970,7,504,2023,41.4
36,Female,160,44.3,17.3,Maintenance,2311,0,0,0,44.6
39,Female,159,64.4,25.5,General Fitness,2418,2,164,876,63.7
41,Female,192,51.4,13.9,General Fitness,3500,2,232,1846,52.3
29,Male,152,93.3,40.4,Muscle Gain,3667,2,178,560,94.5
47,Female,157,125.8,51.0,General Fitness,2056,3,198,942,126.4
55,Female,199,113.7,28.7,Weight Loss,2938,7,630,3325,111.0
48,Male,187,61.6,17.6,Muscle Gain,2386,2,164,558,62.5
53,Male,151,79.9,35.0,Muscle Gain,2134,5,205,3835,80.6
36,Female,161,90.8,35.0,Weight Loss,2144,6,384,2268,88.8
53,Male,194,121.0,32.2,Muscle Gain,3063,0,0,0,122.3
47,Female,176,123.9,40.0,Maintenance,1738,6,402,4560,124.0
50,Male,166,131.0,47.5,Maintenance,2546,6,318,4248,131.0
35,Male,199,90.9,23.0,Muscle Gain,3762,6,660,2754,92.9
45,Female,195,109.4,28.8,Weight Loss,3761,5,345,4925,105.5
28,Female,157,51.2,20.8,General Fitness,3145,2,188,982,50.7
50,Female,191,96.5,26.5,Weight Loss,3163,6,516,2940,93.0
34,Male,167,64.9,23.3,Maintenance,4012,7,707,5187,64.9
23,Female,198,83.2,21.2,Muscle Gain,2494,6,648,5778,83.8
21,Female,173,103.4,34.5,Weight Loss,2462,0,0,0,102.9
37,Female,166,65.7,23.8,General Fitness,4352,7,826,5551,65.7
44,Female,145,45.2,21.5,General Fitness,1348,5,505,3020,45.8
32,Female,173,41.0,13.7,General Fitness,1231,3,126,2037,40.7
23,Male,192,42.2,11.4,General Fitness,2996,1,108,524,41.8
31,Female,149,40.8,18.4,Weight Loss,4182,5,175,2900,40.7
28,Female,179,51.0,15.9,General Fitness,4423,4,400,3520,51.1
56,Male,199,63.9,16.1,Maintenance,4083,2,152,1018,63.6
26,Female,154,62.1,26.2,General Fitness,4031,4,292,2168,62.1
43,Female,163,138.7,52.2,Maintenance,4559,7,427,6083,138.7
33,Female,181,70.6,21.6,Weight Loss,2556,1,32,674,69.4
22,Female,151,52.7,23.1,Maintenance,3686,3,249,765,52.3
27,Female,190,94.6,26.2,Weight Loss,3332,5,565,3120,92.1
20,Male,179,125.8,39.3,General Fitness,2970,3,321,1023,126.0
30,Male,189,107.8,30.2,Muscle Gain,2656,1,67,860,108.0
60,Male,157,69.6,28.2,Maintenance,3683,4,132,2300,70.4
47,Female,154,96.2,40.6,Maintenance,2942,5,540,2125,96.2
23,Male,146,111.5,52.3,Muscle Gain,1544,2,92,1346,112.6
34,Female,150,112.8,50.1,Weight Loss,1391,0,0,0,111.9
36,Female,152,106.7,46.2,Weight Loss,2193,6,702,5334,103.1
59,Female,180,127.1,39.2,General Fitness,3124,3,195,1692,127.1
52,Male,169,127.0,44.5,Maintenance,2988,7,609,2058,127.4
43,Male,188,97.9,27.7,Weight Loss,1296,1,70,707,97.1
22,Male,191,83.0,22.8,General Fitness,3377,5,185,3820,83.7
46,Female,184,104.2,30.8,Weight Loss,2086,7,672,5467,99.9
54,Male,151,121.8,53.4,Muscle Gain,1269,4,236,1500,123.4
37,Female,190,40.6,11.2,Muscle Gain,3263,2,230,1686,42.4
38,Male,167,139.2,49.9,Muscle Gain,4261,7,567,4249,140.5
27,Male,163,58.3,21.9,General Fitness,2098,4,216,2756,57.8
22,Female,190,87.0,24.1,Maintenance,2709,2,162,1316,88.0
53,Female,166,127.2,46.2,Muscle Gain,1509,5,440,3060,127.7
23,Male,157,62.5,25.4,Muscle Gain,3626,0,0,0,63.4
43,Male,165,87.7,32.2,Weight Loss,2116,0,0,0,87.0
21,Male,145,53.3,25.4,Muscle Gain,2076,7,231,2884,54.1
56,Female,163,79.5,29.9,Maintenance,1495,6,516,5532,78.8
56,Female,177,57.7,18.4,General Fitness,3995,7,644,3808,57.4
52,Male,148,76.4,34.9,Muscle Gain,1093,1,61,775,78.2
18,Male,186,77.3,22.3,General Fitness,1624,1,116,746,77.8
41,Female,147,139.3,64.5,General Fitness,1228,2,224,1446,138.8
53,Male,171,139.5,47.7,Maintenance,3297,2,216,1090,140.0
23,Female,196,51.5,13.4,Weight Loss,2414,2,160,894,50.0
58,Female,185,112.6,32.9,Weight Loss,1720,7,644,5761,107.5
48,Female,179,45.2,14.1,General Fitness,1979,2,218,1048,44.7
37,Female,172,43.0,14.5,Muscle Gain,3229,6,696,3996,43.9
41,Female,150,50.5,22.4,General Fitness,1266,7,210,2030,50.4
42,Female,150,136.5,60.7,Weight Loss,2003,5,240,2465,133.9
53,Male,199,134.1,33.9,Muscle Gain,1280,5,320,3700,135.5
38,Female,188,59.4,16.8,Weight Loss,1961,0,0,0,57.9
47,Female,167,56.2,20.2,Maintenance,3714,1,110,858,55.4
41,Male,177,64.1,20.5,Weight Loss,2106,6,330,5088,60.3
59,Female,160,91.6,35.8,Muscle Gain,2209,1,42,868,92.8
47,Male,168,97.0,34.4,Muscle Gain,4932,3,345,1374,98.4
39,Female,149,62.2,28.0,General Fitness,4722,1,52,286,62.2
45,Male,185,115.7,33.8,Muscle Gain,4638,1,64,357,116.5
24,Male,186,71.0,20.5,Maintenance,3578,4,164,2772,71.2
52,Female,157,132.2,53.6,Weight Loss,2371,4,152,1540,129.6
45,Female,191,105.7,29.0,General Fitness,1422,6,642,3258,105.6
31,Female,156,83.6,34.4,General Fitness,4028,3,288,2820,83.8
27,Female,149,119.0,53.6,Muscle Gain,4929,2,146,1430,119.2
33,Male,181,121.8,37.2,Maintenance,3005,3,270,2304,121.4
33,Male,175,69.0,22.5,General Fitness,1453,3,150,2124,69.0
48,Male,172,74.0,25.0,Maintenance,3314,0,0,0,74.1
59,Female,172,133.6,45.2,Maintenance,1506,5,200,1075,134.3
42,Male,174,56.5,18.7,Weight Loss,2165,1,74,724,54.6
30,Female,162,44.2,16.8,Weight Loss,1315,0,0,0,43.3
23,Female,188,85.4,24.2,Weight Loss,2699,6,690,2298,83.0
26,Male,171,120.1,41.1,Maintenance,1763,5,560,2540,120.7
53,Female,179,117.2,36.6,Weight Loss,2255,6,390,4242,114.6
60,Male,170,132.0,45.7,General Fitness,4368,1,66,480,132.3
37,Female,183,93.3,27.9,General Fitness,1897,6,624,2142,92.9
35,Male,193,50.0,13.4,Muscle Gain,1952,3,210,1677,50.7
60,Female,195,98.9,26.0,Maintenance,3922,7,742,3206,99.4
38,Male,162,117.8,44.9,Weight Loss,2595,1,78,356,117.1
21,Male,177,49.3,15.7,General Fitness,3963,2,88,1248,49.9
50,Female,169,57.3,20.1,Maintenance,3069,2,84,1610,57.8
44,Female,200,41.2,10.3,Maintenance,1383,3,246,2934,40.9
24,Male,175,99.4,32.5,Weight Loss,4197,6,372,1320,98.1
23,Female,181,128.7,39.3,Maintenance,1102,4,404,3352,129.3
32,Female,146,107.1,50.2,Weight Loss,1899,2,122,1092,104.9
35,Female,177,138.2,44.1,Weight Loss,3780,3,231,1647,136.1
49,Male,183,46.3,13.8,Weight Loss,1109,0,0,0,44.3
28,Male,187,130.3,37.3,Maintenance,4641,4,344,2548,130.4
37,Female,187,121.4,34.7,Maintenance,4543,2,182,1310,121.5
41,Female,176,71.4,23.1,Weight Loss,4136,7,777,5761,67.9
32,Male,162,137.4,52.4,Maintenance,2495,3,348,2835,137.8
24,Female,161,68.8,26.5,Weight Loss,4641,3,93,2235,67.3
38,Male,178,128.9,40.7,Muscle Gain,1669,0,0,0,129.5
59,Female,183,128.1,38.3,Maintenance,4147,7,315,4557,127.9
43,Female,151,115.8,50.8,Maintenance,4090,0,0,0,116.4
31,Female,186,96.3,27.8,Muscle Gain,1383,4,192,2960,97.3
54,Male,198,52.0,13.3,Muscle Gain,3020,5,305,3440,52.9
38,Male,197,93.2,24.0,Muscle Gain,3237,2,192,1684,93.0
35,Male,179,75.7,23.6,Weight Loss,1761,3,183,2166,71.8
22,Male,174,119.2,39.4,Weight Loss,3407,4,456,2364,116.9
20,Female,156,115.8,47.6,General Fitness,3922,6,324,4638,115.5
40,Female,179,131.1,40.9,Muscle Gain,1885,4,328,2232,132.4
43,Male,155,41.5,17.3,General Fitness,4523,6,660,1392,41.4
54,Female,188,120.9,34.2,Weight Loss,3126,0,0,0,119.5
41,Female,148,133.8,61.1,Maintenance,3643,3,186,2397,133.2
36,Male,169,118.9,41.6,Muscle Gain,4243,1,60,609,120.6
42,Female,192,53.0,14.4,Maintenance,2235,5,325,3640,53.8
38,Female,176,48.1,15.5,Weight Loss,3933,5,580,1450,46.8
29,Male,164,42.1,15.7,Muscle Gain,2014,0,0,0,42.4
58,Female,194,102.9,27.3,General Fitness,2468,6,468,2988,103.0
50,Female,175,103.0,33.6,General Fitness,3196,3,219,2058,103.4
21,Female,148,138.7,63.3,Weight Loss,1009,7,539,6748,133.3
59,Male,198,79.8,20.4,Maintenance,2565,4,236,1088,80.5
24,Male,182,73.2,22.1,Weight Loss,1791,5,210,4585,69.5
39,Female,197,102.4,26.4,Maintenance,2967,4,288,1840,101.1
50,Female,191,122.6,33.6,Weight Loss,2078,2,90,1778,119.7
34,Female,145,133.7,63.6,General Fitness,3919,1,55,511,134.2
41,Male,147,120.3,55.7,Maintenance,2662,0,0,0,120.6
51,Male,181,82.7,25.2,Weight Loss,3227,6,456,5304,78.8
45,Male,166,103.5,37.6,Muscle Gain,1743,5,330,1820,104.5
60,Female,161,125.6,48.5,General Fitness,3428,7,224,3738,126.4
58,Female,158,89.1,35.7,General Fitness,4493,2,110,1402,89.0
56,Female,185,61.7,18.0,Muscle Gain,1450,7,308,6517,62.3
39,Female,179,57.0,17.8,Weight Loss,2116,2,190,720,55.8
34,Female,157,40.0,16.2,Maintenance,4591,1,57,589,40.4
51,Male,179,111.8,34.9,General Fitness,4484,0,0,0,111.8
23,Female,187,51.1,14.6,Weight Loss,4830,0,0,0,49.4
23,Female,146,64.4,30.2,Muscle Gain,3441,4,292,1164,65.9
51,Female,200,69.8,17.4,Maintenance,4012,0,0,0,69.5
18,Male,191,96.0,26.3,Weight Loss,2354,2,218,1040,94.0
27,Female,157,79.8,32.4,Weight Loss,2731,4,132,1776,77.0
38,Male,195,107.5,28.3,General Fitness,3480,0,0,0,107.6
22,Male,198,45.6,11.6,General Fitness,4001,6,438,4536,46.1
19,Male,160,52.4,20.5,Maintenance,2186,6,450,5400,52.2
39,Male,162,89.9,34.3,Weight Loss,3993,1,113,602,88.8
19,Male,151,73.7,32.3,Muscle Gain,4111,2,110,1144,74.1
27,Female,189,69.6,19.5,Muscle Gain,3813,3,126,1455,70.0
51,Female,180,46.7,14.4,Maintenance,1907,1,98,640,46.8
33,Male,185,129.6,37.9,Weight Loss,3132,1,73,794,128.5
56,Male,174,109.2,36.1,General Fitness,3831,0,0,0,109.4
39,Male,186,52.2,15.1,Weight Loss,4661,4,320,2204,50.4
29,Female,185,46.5,13.6,General Fitness,2748,7,294,2926,45.6
41,Female,151,137.5,60.3,Muscle Gain,3863,4,280,2736,138.4
57,Male,159,108.1,42.8,Maintenance,4838,6,240,3852,108.0
55,Female,184,81.7,24.1,Maintenance,2114,2,132,834,81.0
27,Female,163,110.2,41.5,Maintenance,2507,0,0,0,110.5
52,Male,187,115.6,33.1,General Fitness,4456,4,244,1064,114.4
49,Male,181,118.0,36.0,Muscle Gain,4264,6,444,1380,118.8
24,Female,146,87.8,41.2,Muscle Gain,2276,5,235,2605,88.5
38,Female,186,83.0,24.0,Maintenance,2813,7,756,3143,83.0
37,Female,192,41.1,11.1,Maintenance,2678,3,147,2295,41.0
43,Male,199,132.7,33.5,General Fitness,2267,5,365,1045,132.2
21,Male,157,100.3,40.7,General Fitness,4795,7,455,6139,100.2
39,Male,184,60.3,17.8,Weight Loss,3754,0,0,0,59.4
32,Female,185,132.0,38.6,General Fitness,3317,0,0,0,132.6
57,Female,187,131.5,37.6,Weight Loss,3888,4,248,2972,129.3
38,Male,187,138.9,39.7,Maintenance,4090,7,777,5096,138.4
32,Female,199,127.4,32.2,Muscle Gain,2063,1,48,570,128.7
39,Male,175,139.8,45.6,General Fitness,2633,0,0,0,140.2
45,Female,160,64.5,25.2,Muscle Gain,3563,1,61,345,65.5
31,Male,186,124.2,35.9,General Fitness,2056,2,102,1572,124.2
44,Female,200,122.3,30.6,General Fitness,4882,6,180,5010,121.6
58,Female,188,63.1,17.9,Weight Loss,4748,2,166,502,61.6
57,Male,150,49.8,22.1,General Fitness,1449,7,826,4221,49.7
45,Male,172,137.9,46.6,Maintenance,4610,7,343,6307,137.7
43,Male,176,69.6,22.5,Muscle Gain,3732,4,348,1360,70.5
19,Male,188,127.1,36.0,General Fitness,2872,2,128,574,126.3
42,Male,154,40.4,17.0,Muscle Gain,1624,5,495,3130,41.7
20,Female,194,42.1,11.2,Muscle Gain,2969,7,693,1981,43.1
25,Male,162,86.6,33.0,Muscle Gain,1884,5,450,2210,88.0
50,Male,148,63.9,29.2,General Fitness,4963,5,460,1525,64.0
59,Male,153,109.0,46.6,Weight Loss,4678,4,360,3212,106.6
52,Male,151,96.6,42.4,Muscle Gain,1318,4,344,2216,97.0
23,Male,194,47.7,12.7,Muscle Gain,4816,5,160,1100,48.3
56,Female,152,56.3,24.4,General Fitness,4717,1,74,205,56.2
40,Male,187,78.8,22.5,General Fitness,4195,5,220,2100,78.0
42,Male,151,58.6,25.7,Maintenance,2395,1,46,286,59.0
60,Male,185,119.2,34.8,Maintenance,2374,2,88,1782,118.4
36,Female,184,81.6,24.1,Weight Loss,2346,1,34,652,79.3
22,Female,147,49.3,22.8,Weight Loss,1487,7,805,3787,46.4
28,Male,161,88.4,34.1,Weight Loss,1450,0,0,0,87.5
29,Male,146,49.1,23.0,Weight Loss,1352,3,120,1653,47.1
27,Female,159,52.9,20.9,Muscle Gain,2139,0,0,0,53.4
25,Female,190,64.0,17.7,General Fitness,4002,0,0,0,64.0
41,Female,173,126.0,42.1,Maintenance,4084,4,272,1248,127.0
45,Male,194,132.5,35.2,Muscle Gain,2940,3,288,2346,134.1
58,Male,192,122.6,33.3,General Fitness,3367,4,336,1428,122.3
53,Female,196,73.4,19.1,General Fitness,4236,1,71,436,73.0
54,Male,166,67.2,24.4,Muscle Gain,4791,5,520,4490,69.2
38,Female,148,94.9,43.3,Muscle Gain,3132,6,204,2652,95.3
25,Female,196,112.2,29.2,Maintenance,1247,6,486,2190,111.1
26,Female,150,139.3,61.9,Weight Loss,4503,6,306,1398,137.1
32,Male,182,53.2,16.1,Weight Loss,1567,1,106,454,52.0
57,Female,170,44.9,15.5,Maintenance,1683,3,219,1503,45.8
35,Female,155,109.4,45.5,Maintenance,4724,2,228,838,109.6
59,Male,170,123.2,42.6,Weight Loss,1643,1,88,231,122.8
37,Female,161,124.6,48.1,Muscle Gain,1478,0,0,0,126.3
23,Male,168,107.8,38.2,Weight Loss,3760,3,150,2124,105.2
29,Female,172,135.4,45.8,General Fitness,1367,3,279,2043,135.4
19,Male,179,91.1,28.4,General Fitness,4872,1,97,432,90.7
24,Female,175,131.4,42.9,Maintenance,2844,1,76,414,132.3
33,Female,157,136.8,55.5,Weight Loss,1356,4,256,1764,134.3
20,Female,198,124.7,31.8,Weight Loss,3455,4,464,1776,123.3
20,Female,179,71.0,22.2,General Fitness,2368,0,0,0,71.1
44,Female,160,59.6,23.3,Weight Loss,3226,7,595,2863,57.7
60,Male,159,94.8,37.5,Maintenance,4496,3,243,2763,95.0
57,Male,187,85.3,24.4,Maintenance,4612,6,450,3750,85.3
55,Female,162,127.8,48.7,General Fitness,2466,2,76,542,128.2
50,Female,191,50.0,13.7,Weight Loss,2842,2,174,1746,47.8
45,Female,181,65.8,20.1,Weight Loss,4377,3,156,1131,64.5
18,Male,192,115.2,31.2,General Fitness,3414,0,0,0,115.0
25,Male,192,49.5,13.4,Muscle Gain,2059,6,540,2988,50.6
54,Female,193,72.1,19.4,Muscle Gain,3510,4,152,1860,73.8
49,Male,185,78.7,23.0,Weight Loss,2644,4,328,2876,76.6
60,Female,171,102.3,35.0,Maintenance,1827,4,388,2776,102.4
54,Female,199,55.8,14.1,Muscle Gain,2169,2,156,948,56.2
21,Female,179,126.1,39.4,Weight Loss,2811,2,236,1808,124.4
47,Male,196,84.8,22.1,Muscle Gain,2924,0,0,0,85.7
23,Female,189,131.7,36.9,General Fitness,3193,2,154,504,131.3
36,Female,198,86.8,22.1,Muscle Gain,3427,1,111,807,88.0
49,Female,179,67.5,21.1,Muscle Gain,1167,2,72,1198,68.2
26,Male,172,54.2,18.3,General Fitness,4840,4,240,2452,53.2
29,Male,183,40.4,12.1,Maintenance,4346,0,0,0,41.1
28,Male,182,93.2,28.1,Weight Loss,1086,3,270,2565,90.5
33,Female,153,50.7,21.7,Maintenance,1153,3,102,2064,51.6
18,Male,156,79.2,32.5,Maintenance,3544,0,0,0,80.1
38,Female,159,98.9,39.1,Muscle Gain,4868,1,51,506,101.1
47,Male,165,67.6,24.8,Weight Loss,1314,3,138,1848,66.4
30,Female,196,57.5,15.0,Muscle Gain,2854,4,156,2832,58.3
51,Male,179,117.5,36.7,General Fitness,4681,3,300,2187,117.1
21,Female,186,134.7,38.9,Maintenance,1722,3,291,2511,134.6
45,Male,177,50.0,16.0,Maintenance,2981,4,284,3460,50.3
55,Male,195,55.6,14.6,General Fitness,4631,2,112,410,56.4
48,Male,163,136.0,51.2,Weight Loss,2853,1,36,621,134.8
44,Female,199,43.8,11.1,Maintenance,4345,6,312,3900,43.9
22,Male,167,137.8,49.4,Maintenance,2729,4,416,2504,138.4
42,Male,157,40.5,16.4,Weight Loss,3811,4,148,2356,40.7
20,Male,188,127.4,36.0,Muscle Gain,4866,5,185,2665,128.0
50,Male,145,70.7,33.6,General Fitness,3309,0,0,0,69.9
21,Female,195,133.9,35.2,Weight Loss,3534,7,700,3759,130.4
42,Male,173,71.7,24.0,General Fitness,3501,1,115,287,71.4
37,Female,168,105.4,37.3,General Fitness,3490,2,62,936,104.7
51,Female,160,48.0,18.7,Maintenance,4333,5,585,1320,47.6
43,Female,169,64.2,22.5,Weight Loss,3590,6,480,5262,60.7
22,Female,199,117.4,29.6,General Fitness,2128,4,380,1052,118.0
52,Male,167,92.9,33.3,Muscle Gain,3023,6,246,2814,92.7
45,Female,172,132.8,44.9,General Fitness,1349,6,456,5136,133.0
46,Female,191,82.9,22.7,Maintenance,1823,6,504,3456,83.3
26,Female,160,127.0,49.6,Muscle Gain,1437,5,275,4900,127.4
55,Female,187,84.9,24.3,Muscle Gain,3004,7,518,3696,85.5
23,Male,200,137.9,34.5,Weight Loss,1168,2,182,1434,136.1
36,Male,182,136.0,41.1,Muscle Gain,4819,5,495,4160,136.4
28,Female,155,72.9,30.3,Weight Loss,4857,5,580,3100,69.5
19,Female,147,128.6,59.5,Weight Loss,4414,7,217,3584,125.7
26,Female,159,124.8,49.4,Muscle Gain,4301,5,275,2540,126.8
38,Male,145,61.1,29.1,Weight Loss,1022,4,172,3372,57.4
41,Male,151,102.4,44.9,Weight Loss,4035,4,444,1552,100.8
51,Male,145,47.3,22.5,Muscle Gain,3723,0,0,0,48.0
39,Male,193,123.7,33.2,Maintenance,1280,3,183,723,123.4
20,Male,176,57.5,18.6,General Fitness,4590,1,91,789,56.9
29,Female,153,47.1,20.1,Weight Loss,3769,0,0,0,47.5
45,Male,173,80.0,26.7,Weight Loss,3300,2,118,1712,78.5
47,Male,170,97.7,33.8,Muscle Gain,1403,5,210,3220,98.6
43,Female,167,125.5,45.0,General Fitness,3180,4,276,2292,125.2
38,Male,189,137.4,38.5,General Fitness,4345,5,300,2425,137.2
45,Male,187,83.9,24.0,Weight Loss,3665,4,264,1480,82.5
43,Male,173,46.0,15.4,Muscle Gain,1231,6,444,4824,47.4
50,Female,196,114.9,29.9,Maintenance,3592,1,115,462,114.3
38,Male,182,96.5,29.1,General Fitness,1078,0,0,0,96.3
52,Female,177,84.8,27.1,Maintenance,2058,0,0,0,84.6
51,Female,151,70.9,31.1,Muscle Gain,3542,2,180,694,71.0
58,Male,156,90.2,37.1,Maintenance,2133,6,288,3834,89.0
35,Male,175,73.9,24.1,Muscle Gain,2344,0,0,0,74.6
28,Male,176,115.7,37.4,Weight Loss,4646,0,0,0,115.3
40,Male,198,94.4,24.1,Maintenance,3375,3,135,1845,94.3
39,Female,164,127.7,47.5,Weight Loss,4014,7,686,1568,126.2
34,Male,199,94.4,23.8,Weight Loss,4880,1,73,826,93.4
22,Female,195,63.8,16.8,Muscle Gain,3737,5,475,1465,64.6
28,Female,161,125.1,48.3,Maintenance,3431,7,273,3528,125.7
47,Female,180,95.7,29.5,General Fitness,2387,0,0,0,95.8
32,Female,147,60.7,28.1,Maintenance,4303,2,96,964,60.2
44,Female,145,102.4,48.7,General Fitness,2639,5,565,1770,101.0
52,Male,194,75.8,20.1,Weight Loss,2437,4,472,3540,72.8
50,Female,171,124.4,42.5,Weight Loss,4365,6,660,5304,120.4
37,Female,197,85.3,22.0,Muscle Gain,1546,6,480,5190,86.5
33,Male,191,112.6,30.9,General Fitness,2729,0,0,0,113.4
51,Male,184,49.6,14.7,Maintenance,4245,0,0,0,48.6
19,Female,177,79.6,25.4,Muscle Gain,3439,5,225,2700,80.7
52,Female,164,138.3,51.4,Muscle Gain,4173,7,574,5621,139.4
57,Male,158,120.8,48.4,Muscle Gain,4907,4,256,3928,121.2
45,Female,180,56.0,17.3,Maintenance,2316,3,264,2799,56.5
56,Male,149,67.8,30.5,Muscle Gain,2108,1,68,672,68.6
23,Male,167,73.0,26.2,Maintenance,1908,3,288,921,72.9
26,Female,189,105.0,29.4,Muscle Gain,2224,7,714,3710,106.5
37,Male,200,115.7,28.9,General Fitness,1684,2,180,1478,115.4
18,Female,159,115.0,45.5,Weight Loss,3588,5,395,3190,111.7
25,Female,150,91.0,40.4,General Fitness,3344,0,0,0,91.3
40,Female,177,121.1,38.7,General Fitness,3103,3,225,2733,120.7
20,Male,199,83.7,21.1,Muscle Gain,4543,1,81,865,85.5
21,Female,163,52.4,19.7,General Fitness,4087,2,116,1166,52.9
42,Male,157,96.4,39.1,General Fitness,2675,6,204,4686,96.7
55,Female,173,135.2,45.2,General Fitness,3113,7,672,2513,135.4
32,Female,150,119.3,53.0,Muscle Gain,1957,3,309,1893,120.8
38,Male,159,97.9,38.7,Maintenance,2682,0,0,0,98.1
52,Female,160,104.7,40.9,Weight Loss,4741,1,110,814,103.7
31,Female,168,133.1,47.2,Weight Loss,4983,0,0,0,132.7
53,Male,167,82.8,29.7,Maintenance,4543,0,0,0,83.7
29,Male,192,73.1,19.8,Maintenance,2932,2,62,776,73.5
34,Male,154,137.7,58.1,General Fitness,2604,1,97,617,138.1
56,Female,198,126.3,32.2,Weight Loss,4094,4,364,2168,123.9
26,Male,185,72.3,21.1,Maintenance,1701,6,654,3360,72.3
52,Male,185,86.4,25.2,General Fitness,3807,7,609,2156,87.2
30,Female,193,81.5,21.9,Weight Loss,3533,0,0,0,80.5
32,Male,161,54.9,21.2,Muscle Gain,4486,7,686,3969,56.2
35,Female,193,135.8,36.5,Muscle Gain,1820,1,87,454,135.9
50,Female,200,80.4,20.1,Weight Loss,1887,0,0,0,80.0
23,Male,188,127.5,36.1,Weight Loss,4728,3,129,2712,125.6
44,Female,189,58.9,16.5,Muscle Gain,2919,3,132,810,58.8
40,Male,174,94.8,31.3,Muscle Gain,2328,1,35,468,95.1
44,Male,188,42.4,12.0,Weight Loss,3224,6,270,4200,40.1
51,Male,190,116.4,32.2,General Fitness,3242,2,232,816,116.4
55,Male,154,98.1,41.4,Maintenance,4993,4,300,2708,98.6
31,Female,199,102.6,25.9,Maintenance,4084,3,276,1125,102.9
53,Female,163,45.2,17.0,Weight Loss,1875,2,82,876,43.3
25,Male,173,61.1,20.4,Maintenance,1165,4,280,3236,61.6
52,Male,146,47.4,22.2,Muscle Gain,2173,3,144,1923,49.7
36,Female,180,68.9,21.3,Muscle Gain,4412,4,420,3200,70.3
47,Male,163,102.7,38.7,Maintenance,4996,5,530,4815,103.2
31,Female,151,96.6,42.4,Weight Loss,1556,0,0,0,95.3
37,Male,170,101.2,35.0,Muscle Gain,2197,1,49,298,101.7
42,Female,159,94.9,37.5,General Fitness,3214,3,114,1584,95.3
57,Female,191,67.3,18.4,General Fitness,1708,3,150,1575,67.0
41,Female,200,64.5,16.1,Muscle Gain,1717,7,259,4508,64.2
31,Male,182,53.7,16.2,Muscle Gain,4665,0,0,0,55.2
43,Male,147,124.9,57.8,Maintenance,2603,3,198,1482,124.3
55,Male,182,101.6,30.7,Weight Loss,3144,3,174,1923,98.9
40,Male,160,58.7,22.9,Maintenance,3726,5,560,4970,58.0
39,Male,146,57.7,27.1,Weight Loss,3451,3,192,690,56.0
36,Female,175,127.3,41.6,General Fitness,2100,3,201,990,126.7
20,Female,172,114.3,38.6,General Fitness,3019,3,357,2781,115.4
59,Female,151,105.9,46.4,Weight Loss,2260,2,208,1452,103.0
36,Female,174,80.7,26.7,Maintenance,4779,3,192,1911,79.8
26,Female,187,66.2,18.9,Muscle Gain,1290,0,0,0,66.4
45,Female,151,137.9,60.5,Weight Loss,3183,5,160,2330,136.0
37,Female,180,119.7,36.9,Maintenance,4891,3,123,1455,119.4
24,Male,173,70.2,23.5,General Fitness,4879,4,244,1960,70.7
31,Female,168,124.8,44.2,Muscle Gain,3936,5,380,2835,125.0
26,Male,196,115.9,30.2,General Fitness,3928,5,460,3425,117.2
36,Female,183,69.7,20.8,Weight Loss,3414,4,220,3016,67.1
31,Female,148,82.7,37.8,General Fitness,3595,0,0,0,81.8
55,Male,173,58.6,19.6,General Fitness,3949,2,212,1340,59.2
53,Female,188,51.1,14.5,Weight Loss,3295,6,438,5796,46.3
57,Male,149,112.3,50.6,Muscle Gain,3813,7,469,2583,112.8
34,Female,199,66.8,16.9,Weight Loss,2237,6,348,5820,61.6
47,Male,173,122.0,40.8,Maintenance,4835,0,0,0,121.7
26,Female,174,139.6,46.1,Weight Loss,3117,2,162,554,138.2
50,Male,173,47.7,15.9,Weight Loss,1745,1,48,284,47.0
42,Male,170,87.3,30.2,Muscle Gain,4043,4,256,3440,88.0
31,Female,163,120.2,45.2,Maintenance,3376,7,539,2800,120.7
28,Female,170,118.9,41.1,General Fitness,4087,5,445,3940,119.4
52,Male,181,116.0,35.4,General Fitness,4558,5,300,2800,114.6
58,Female,171,74.9,25.6,General Fitness,2197,5,160,4805,75.3
31,Male,174,85.4,28.2,General Fitness,1698,4,256,3056,84.8
47,Female,195,99.5,26.2,Muscle Gain,3853,4,468,2004,101.5
58,Male,197,137.4,35.4,Maintenance,4808,7,567,3444,138.1
21,Female,174,72.8,24.0,Muscle Gain,3321,6,600,2958,74.4
21,Male,147,132.3,61.2,Weight Loss,1523,6,480,1848,130.0
45,Female,187,66.9,19.1,Maintenance,2845,6,510,3384,67.2
25,Male,151,138.9,60.9,Maintenance,3266,2,100,1598,138.2
19,Male,193,107.0,28.7,General Fitness,2023,5,150,4385,106.8
58,Female,153,86.4,36.9,General Fitness,3560,0,0,0,86.3
39,Female,197,101.3,26.1,General Fitness,4470,2,70,932,101.8
58,Male,185,67.3,19.7,General Fitness,4182,5,555,1460,67.4
33,Male,186,67.4,19.5,Weight Loss,3010,4,364,3536,64.7
46,Male,157,51.4,20.9,General Fitness,1463,4,472,1052,50.4
47,Male,159,51.4,20.3,Muscle Gain,4860,4,432,2508,52.2
29,Female,198,74.8,19.1,Maintenance,2664,5,380,4185,74.3
52,Male,149,116.3,52.4,Weight Loss,4164,6,474,3402,112.9
28,Male,173,100.8,33.7,Weight Loss,1450,4,444,3764,97.2
38,Male,179,50.3,15.7,Maintenance,2419,1,60,304,50.6
38,Female,171,125.2,42.8,Maintenance,2915,4,372,1632,125.0
22,Male,171,100.1,34.2,Maintenance,1923,7,406,5411,99.9
37,Female,152,136.1,58.9,Weight Loss,4622,7,308,6657,131.3
54,Female,176,107.0,34.5,Muscle Gain,3980,5,435,3365,106.8
20,Female,164,57.5,21.4,Muscle Gain,3526,6,312,1560,58.3
50,Female,154,87.4,36.9,Maintenance,1315,2,134,1090,87.6
26,Female,157,104.8,42.5,Weight Loss,1670,4,280,844,102.5
26,Female,173,42.8,14.3,General Fitness,1697,6,624,3990,42.5
21,Female,179,41.5,13.0,Weight Loss,1992,6,264,5088,40.1
52,Male,198,52.9,13.5,Maintenance,2376,3,348,1182,52.1
34,Male,152,65.2,28.2,Weight Loss,3815,1,32,273,64.3
51,Female,173,83.0,27.7,Weight Loss,2262,7,784,4095,78.9
41,Male,175,88.7,29.0,Weight Loss,2127,5,150,1675,88.2
49,Male,185,53.8,15.7,General Fitness,1906,4,468,3016,54.7
18,Female,174,107.3,35.4,Maintenance,3925,3,312,1905,107.4
25,Male,166,99.6,36.1,Maintenance,2052,5,200,1190,99.7
40,Female,165,69.4,25.5,Maintenance,1088,2,178,1484,69.3
57,Male,156,41.4,17.0,Muscle Gain,3422,1,94,853,42.1
29,Female,155,47.8,19.9,Muscle Gain,4468,6,630,3114,48.5
29,Female,146,79.2,37.2,Maintenance,2586,4,132,3020,78.1
32,Male,194,55.4,14.7,Weight Loss,1363,2,108,1798,52.0
58,Male,185,77.7,22.7,Weight Loss,3194,5,505,2760,74.0
36,Female,146,102.8,48.2,Maintenance,1313,3,324,2139,103.2
43,Female,178,94.7,29.9,General Fitness,1547,5,360,3410,94.7
46,Female,147,63.1,29.2,General Fitness,1795,7,483,4305,62.9
39,Male,160,74.4,29.1,Weight Loss,4523,5,570,2845,70.7
57,Male,195,101.4,26.7,Weight Loss,3946,1,73,542,99.9
38,Male,148,126.1,57.6,Muscle Gain,2529,4,404,2096,126.2
55,Male,167,115.3,41.3,General Fitness,2509,2,176,1132,116.0
37,Female,194,95.3,25.3,Weight Loss,3148,1,52,535,93.8
46,Female,164,76.2,28.3,Weight Loss,1106,3,273,1485,74.8
21,Female,169,76.5,26.8,Maintenance,1856,6,312,1338,76.7
24,Female,174,127.9,42.2,Muscle Gain,3984,4,348,2564,128.9
45,Male,162,43.9,16.7,General Fitness,1290,6,504,1818,44.1
45,Female,186,138.8,40.1,General Fitness,2372,1,62,611,139.1
21,Female,155,106.4,44.3,Muscle Gain,1616,3,318,2319,107.7
39,Male,173,108.1,36.1,Weight Loss,2756,3,276,2592,105.3
29,Male,161,43.8,16.9,General Fitness,3635,2,178,1948,44.3
20,Female,170,100.6,34.8,General Fitness,2250,7,630,3451,100.9
39,Male,200,88.5,22.1,General Fitness,3643,5,545,2210,88.9
19,Female,167,50.6,18.1,Maintenance,1976,3,315,1623,50.5
41,Male,200,67.8,17.0,Muscle Gain,3036,7,630,5824,68.1
51,Male,196,129.0,33.6,General Fitness,2611,3,294,1116,129.0
44,Female,192,95.0,25.8,Muscle Gain,4832,5,590,3075,96.5
58,Male,164,81.3,30.2,Weight Loss,2790,0,0,0,80.1
18,Female,189,47.3,13.2,Muscle Gain,4121,3,96,1077,48.2
25,Male,146,111.4,52.3,Maintenance,1867,4,308,1824,112.4
40,Male,168,110.3,39.1,Maintenance,4017,6,234,5478,110.7
55,Male,175,101.4,33.1,Muscle Gain,3769,6,696,4536,103.0
23,Male,171,91.0,31.1,Maintenance,1157,1,110,775,90.1
39,Male,146,83.4,39.1,General Fitness,1327,5,355,1975,83.4
42,Female,158,99.3,39.8,Maintenance,4816,5,590,2950,99.8
35,Male,148,63.3,28.9,Weight Loss,4954,5,475,1345,60.5
34,Female,193,134.1,36.0,Muscle Gain,4148,4,300,3568,134.5
29,Male,157,98.9,40.1,Muscle Gain,3782,5,190,2230,100.0
23,Female,180,71.1,21.9,Weight Loss,3680,4,312,2112,68.8
43,Male,179,85.0,26.5,Weight Loss,2477,7,231,2499,82.3
44,Female,188,120.6,34.1,Weight Loss,4381,7,623,6279,115.4
25,Female,198,56.2,14.3,Weight Loss,3374,6,714,5652,51.3
36,Male,199,69.3,17.5,General Fitness,3555,2,116,1568,68.7
59,Male,152,108.0,46.7,Maintenance,4924,0,0,0,107.9
18,Male,146,71.5,33.5,Maintenance,1869,5,380,3425,71.1
46,Female,150,119.3,53.0,General Fitness,2130,6,636,2652,119.3
52,Female,175,53.0,17.3,Weight Loss,1240,0,0,0,52.2
57,Male,198,116.3,29.7,Muscle Gain,3482,6,552,3654,116.7
31,Male,154,46.8,19.7,Muscle Gain,4099,5,300,4630,46.9
52,Female,188,41.3,11.7,Muscle Gain,3751,4,320,856,41.9
37,Female,165,129.8,47.7,Weight Loss,4320,6,420,2076,126.8
30,Male,186,98.1,28.4,General Fitness,2387,1,65,689,98.0
55,Female,154,75.2,31.7,General Fitness,2748,0,0,0,74.8
25,Male,167,63.3,22.7,General Fitness,2556,0,0,0,63.2
60,Male,147,101.7,47.1,Maintenance,4543,4,176,3240,102.6
37,Male,176,90.9,29.3,Maintenance,2690,7,749,6230,91.1
50,Female,164,139.2,51.8,Maintenance,2562,0,0,0,139.6
43,Female,154,138.3,58.3,Maintenance,3636,2,118,746,138.7
56,Female,173,103.5,34.6,Muscle Gain,4889,4,236,3896,105.0
38,Female,185,84.3,24.6,Muscle Gain,1412,0,0,0,85.2
59,Male,196,89.1,23.2,General Fitness,2958,0,0,0,89.3
60,Female,195,108.2,28.5,Maintenance,1568,0,0,0,109.0
58,Male,190,50.2,13.9,General Fitness,2654,4,296,1376,50.7
26,Male,178,72.8,23.0,Weight Loss,4236,7,728,2247,70.7
41,Male,181,47.5,14.5,Maintenance,4036,1,76,226,47.4
54,Female,164,47.3,17.6,Maintenance,2599,3,357,795,47.6
58,Male,152,59.6,25.8,General Fitness,4119,6,510,1800,60.2
34,Male,151,88.5,38.8,General Fitness,4733,5,415,2935,88.5
41,Female,150,118.5,52.7,Weight Loss,3531,6,684,1758,116.9
38,Male,155,88.5,36.8,General Fitness,4229,0,0,0,88.5
56,Female,188,73.5,20.8,Maintenance,3715,6,564,2694,73.5
58,Female,162,48.2,18.4,Muscle Gain,1150,3,297,1023,49.2
56,Female,195,95.0,25.0,Weight Loss,3272,3,90,1398,93.9
30,Male,186,67.1,19.4,Weight Loss,2283,0,0,0,65.2
28,Female,173,101.5,33.9,Maintenance,4458,0,0,0,100.7
36,Female,169,137.7,48.2,Muscle Gain,1255,5,335,3440,138.9
28,Female,165,51.1,18.8,General Fitness,3108,7,518,4865,51.1
30,Female,190,61.2,17.0,General Fitness,4935,3,207,2037,61.1
18,Male,147,87.3,40.4,Muscle Gain,2795,1,44,842,88.2
57,Female,162,136.9,52.2,Muscle Gain,4904,3,237,2067,138.3
36,Male,168,117.2,41.5,Maintenance,3443,1,31,200,117.7
29,Female,191,129.8,35.6,General Fitness,2420,7,574,1456,129.3
25,Male,182,73.4,22.2,Maintenance,2185,6,330,3474,72.6
25,Female,154,139.2,58.7,General Fitness,3427,2,190,686,138.3
29,Male,171,50.3,17.2,General Fitness,4514,1,104,501,50.8
50,Female,156,45.3,18.6,Muscle Gain,1348,5,310,4245,45.0
43,Male,151,125.6,55.1,Maintenance,3078,4,444,2464,125.6
56,Male,161,132.7,51.2,Muscle Gain,3118,7,798,2646,132.5
45,Male,145,49.1,23.4,Maintenance,1396,6,528,2862,48.6
22,Female,194,51.3,13.6,General Fitness,4509,0,0,0,50.7
25,Male,170,43.3,15.0,Weight Loss,3049,7,350,3766,40.4
42,Male,159,50.5,20.0,Weight Loss,3976,2,156,1316,49.3
44,Male,195,60.9,16.0,Maintenance,3609,3,327,2703,60.2
40,Male,177,137.0,43.7,Maintenance,2158,1,100,530,136.9
47,Female,181,106.8,32.6,Muscle Gain,1145,2,230,938,108.3
40,Male,191,117.9,32.3,General Fitness,3226,6,600,2316,117.5
37,Male,175,117.6,38.4,Weight Loss,1263,4,380,3460,113.6
35,Male,179,93.5,29.2,Muscle Gain,2334,7,462,2597,93.9
35,Female,145,119.7,56.9,Maintenance,1203,1,43,603,119.4
19,Male,152,99.6,43.1,General Fitness,2834,5,505,3335,99.1
21,Male,156,71.5,29.4,Muscle Gain,3746,3,108,1338,72.4
47,Male,198,96.1,24.5,Muscle Gain,4101,3,201,2166,96.2
50,Male,163,93.4,35.2,Maintenance,3106,1,74,758,93.7
53,Female,169,122.3,42.8,General Fitness,4080,7,357,6839,121.0
35,Male,176,138.2,44.6,Weight Loss,1987,4,292,1240,136.9
54,Male,156,81.1,33.3,Muscle Gain,2347,7,770,3514,82.5
36,Female,157,116.3,47.2,Maintenance,3214,0,0,0,116.1
45,Female,172,50.0,16.9,Muscle Gain,2360,0,0,0,51.2
57,Female,145,117.7,56.0,Maintenance,3954,3,267,1473,116.9
37,Male,195,77.1,20.3,Maintenance,4450,6,192,2706,76.4
50,Female,150,43.9,19.5,Maintenance,3945,6,576,4722,44.3
29,Male,152,76.3,33.0,General Fitness,3838,4,404,1496,77.1
32,Female,148,101.1,46.2,Weight Loss,2726,3,252,924,99.6
58,Male,149,51.9,23.4,General Fitness,3289,0,0,0,52.0
56,Female,169,132.4,46.4,Weight Loss,4861,3,294,639,131.4
19,Male,166,47.8,17.3,Maintenance,2980,7,399,6244,48.3
46,Female,172,133.0,45.0,Weight Loss,2689,1,44,521,131.4
58,Male,183,110.7,33.1,General Fitness,1907,6,360,5898,110.9
27,Male,167,73.0,26.2,Muscle Gain,2183,6,528,1452,73.7
19,Male,148,79.1,36.1,General Fitness,3824,5,555,3300,79.6
28,Male,196,114.1,29.7,General Fitness,2258,1,83,301,113.6
30,Male,148,100.1,45.7,General Fitness,2476,5,485,4120,100.6
27,Male,191,107.2,29.4,General Fitness,4929,4,456,3616,107.5
31,Male,165,78.9,29.0,General Fitness,1198,0,0,0,78.8
35,Male,181,88.8,27.1,Weight Loss,2500,4,284,1392,87.4
26,Female,200,139.0,34.8,Weight Loss,2056,4,208,2148,137.2
56,Male,185,61.4,17.9,Muscle Gain,3455,0,0,0,63.0
45,Male,146,81.8,38.4,General Fitness,2112,2,188,618,81.7
20,Female,151,69.2,30.3,General Fitness,4678,2,236,1106,68.9
37,Male,193,116.5,31.3,Muscle Gain,3268,3,249,849,117.7
23,Female,160,116.4,45.5,Muscle Gain,4140,2,80,1508,117.7
44,Male,161,69.2,26.7,Maintenance,4365,1,92,265,69.6
19,Female,164,48.1,17.9,Muscle Gain,2260,6,306,3522,49.2
46,Female,167,41.1,14.7,Muscle Gain,4978,5,415,4100,42.2
55,Male,178,82.7,26.1,Muscle Gain,2183,6,708,4878,83.7
20,Female,155,81.0,33.7,Maintenance,2855,4,456,1336,81.8
33,Male,178,138.8,43.8,Weight Loss,3887,6,390,1710,136.9
47,Male,177,87.0,27.8,Maintenance,3835,3,261,849,86.9
57,Male,170,65.6,22.7,Weight Loss,2313,4,196,1704,63.6
19,Male,146,129.1,60.6,Muscle Gain,2902,0,0,0,130.7
34,Female,167,89.1,31.9,Maintenance,3601,7,595,1533,88.3
58,Male,185,99.9,29.2,Maintenance,4975,6,474,1404,100.2
29,Female,166,49.6,18.0,Weight Loss,1577,2,238,1908,47.5
52,Female,178,78.3,24.7,Maintenance,3580,7,665,4494,78.7
60,Male,159,134.4,53.2,Maintenance,1334,0,0,0,133.5
18,Male,154,99.0,41.7,General Fitness,2020,3,126,2802,98.8
32,Male,159,74.5,29.5,Weight Loss,4653,5,220,3025,71.8
43,Male,186,102.6,29.7,Maintenance,4844,1,102,707,102.4
54,Female,173,131.0,43.8,Maintenance,4573,2,112,1006,130.5
38,Male,167,67.4,24.2,Muscle Gain,3293,0,0,0,67.4
48,Female,161,90.5,34.9,General Fitness,2346,5,495,2420,91.0
42,Male,153,135.9,58.1,General Fitness,4818,7,553,5229,136.2
40,Male,194,57.2,15.2,Muscle Gain,2962,6,702,1368,58.5
41,Male,180,112.0,34.6,Muscle Gain,4855,2,192,1180,113.2
55,Male,153,101.4,43.3,Muscle Gain,1610,4,220,2460,102.3
45,Female,160,108.0,42.2,Muscle Gain,1328,1,65,966,109.3
38,Female,180,75.1,23.2,General Fitness,1546,6,300,2046,75.7
60,Male,192,71.4,19.4,Maintenance,1338,7,742,5915,71.9
35,Female,195,108.4,28.5,Maintenance,4242,5,405,4275,108.7
53,Female,177,61.6,19.7,Muscle Gain,4181,2,80,1080,62.9
52,Male,199,82.0,20.7,Weight Loss,4041,6,222,2664,79.9
26,Male,175,58.8,19.2,Muscle Gain,1806,1,86,965,59.1
55,Female,150,40.8,18.1,Maintenance,2033,5,375,1020,40.7
47,Female,154,137.0,57.8,Weight Loss,4273,4,428,2592,133.7
51,Female,160,83.2,32.5,Muscle Gain,4987,7,217,3255,84.0
49,Female,148,136.9,62.5,Weight Loss,4328,4,372,2760,133.9
20,Male,198,54.0,13.8,Muscle Gain,4333,0,0,0,54.8
20,Male,166,98.7,35.8,General Fitness,3740,7,658,3143,98.5
45,Female,157,60.1,24.4,Maintenance,1429,3,120,1470,61.1
32,Male,160,119.0,46.5,Muscle Gain,2530,0,0,0,120.4
58,Female,196,118.4,30.8,Weight Loss,4137,1,108,831,117.2
40,Female,173,51.3,17.1,Maintenance,1805,7,735,1946,51.5
57,Male,150,131.2,58.3,Muscle Gain,2696,0,0,0,132.8
28,Female,170,59.5,20.6,Muscle Gain,4650,5,420,3245,60.4
49,Female,155,101.3,42.2,Muscle Gain,3659,2,146,1510,101.9
53,Male,168,138.6,49.1,Muscle Gain,2612,5,575,4665,139.4
50,Male,173,128.2,42.8,General Fitness,3082,0,0,0,127.5
41,Female,147,135.7,62.8,Maintenance,2998,3,336,957,136.0
56,Female,196,74.3,19.3,General Fitness,1556,5,170,3820,74.6
51,Male,154,50.6,21.3,Maintenance,2685,5,270,3880,50.9
45,Female,145,58.8,28.0,Muscle Gain,1490,5,395,1875,59.4
54,Female,196,90.0,23.4,Maintenance,2603,3,306,807,90.1
24,Male,187,119.3,34.1,Weight Loss,1253,7,700,5824,114.5
21,Male,170,55.0,19.0,Maintenance,1016,5,555,2010,55.7
54,Male,156,106.0,43.6,Weight Loss,1260,1,31,379,104.6
18,Male,158,72.4,29.0,Weight Loss,4796,4,156,3168,69.7
18,Male,169,74.1,25.9,General Fitness,2848,3,93,2298,74.4
37,Male,152,106.2,46.0,Maintenance,2279,1,89,890,106.2
36,Female,187,86.7,24.8,Muscle Gain,3775,3,222,2427,87.6
46,Female,148,121.2,55.3,Maintenance,2886,3,111,927,121.0
27,Male,172,55.6,18.8,General Fitness,2447,7,609,4361,55.4
35,Male,151,119.0,52.2,Weight Loss,1500,4,144,3456,116.2
45,Female,154,46.4,19.6,Weight Loss,2015,2,232,1404,44.0
52,Female,195,59.4,15.6,General Fitness,3333,7,707,4235,58.7
60,Female,180,105.6,32.6,General Fitness,3054,7,350,5852,105.8
48,Male,146,125.5,58.9,Maintenance,4568,1,76,290,125.8
44,Male,170,65.3,22.6,Weight Loss,4963,3,90,1479,62.9
28,Female,197,72.7,18.7,General Fitness,2222,6,246,3552,72.7
55,Male,194,93.7,24.9,Maintenance,4674,3,312,708,94.1
22,Male,158,61.2,24.5,Maintenance,3706,0,0,0,61.1
25,Male,160,121.1,47.3,Muscle Gain,3984,5,165,4305,121.4
51,Female,198,117.4,29.9,Weight Loss,3039,2,126,1030,115.4
29,Female,187,54.5,15.6,Maintenance,4489,4,464,1484,54.3
55,Male,186,86.4,25.0,General Fitness,2685,6,366,3630,85.6
18,Male,161,117.5,45.3,Weight Loss,3099,1,32,461,116.3
48,Male,190,73.7,20.4,General Fitness,3290,3,291,2049,73.2
21,Male,166,103.3,37.5,General Fitness,2242,5,430,1130,103.1
22,Male,148,45.0,20.5,Maintenance,3565,1,105,694,43.7
47,Female,163,100.9,38.0,Maintenance,4017,7,371,1778,100.0
41,Male,146,55.3,25.9,Muscle Gain,1108,4,248,1792,54.8
20,Male,183,123.1,36.8,General Fitness,4422,2,64,944,123.0
28,Male,153,75.5,32.3,Maintenance,1920,0,0,0,74.6
21,Female,163,68.2,25.7,Muscle Gain,1065,7,413,6839,69.5
43,Female,160,124.1,48.5,Weight Loss,4081,2,198,780,122.6
44,Male,198,45.0,11.5,Muscle Gain,1201,7,546,5418,46.1
60,Female,169,79.7,27.9,Muscle Gain,2817,0,0,0,81.0
44,Female,192,77.0,20.9,General Fitness,3948,1,101,701,76.6
59,Female,162,68.5,26.1,Weight Loss,1213,2,222,1630,67.4
23,Female,167,131.2,47.0,General Fitness,3115,7,315,4144,130.8
32,Female,197,115.1,29.7,General Fitness,3806,2,164,1214,115.5
47,Female,165,46.4,17.0,Muscle Gain,3913,2,70,1998,47.0
59,Male,155,111.5,46.4,Muscle Gain,1326,4,212,3880,112.5
54,Female,183,92.7,27.7,Maintenance,2073,1,118,872,92.4
54,Female,185,130.1,38.0,Muscle Gain,2040,6,342,5292,131.5
59,Male,148,71.3,32.6,Maintenance,1522,0,0,0,71.2
54,Male,169,97.4,34.1,General Fitness,4892,2,74,1702,96.8
52,Male,176,90.1,29.1,Muscle Gain,4377,1,65,804,91.5
40,Male,174,89.0,29.4,Weight Loss,4463,6,228,1812,86.4
23,Female,189,85.6,24.0,Weight Loss,1987,5,345,2125,84.3
21,Female,170,60.6,21.0,General Fitness,4195,4,456,2208,60.9
35,Female,180,115.6,35.7,General Fitness,2003,4,320,1436,114.8
26,Female,195,85.1,22.4,Muscle Gain,1503,5,150,3015,87.6
46,Male,178,135.9,42.9,Maintenance,2248,1,92,906,136.1
30,Female,153,66.1,28.2,Muscle Gain,1755,0,0,0,67.3
34,Female,156,108.3,44.5,Maintenance,2341,1,103,344,108.4
49,Male,146,134.1,62.9,Muscle Gain,3520,1,55,953,134.5
39,Female,182,106.3,32.1,Weight Loss,2867,3,207,1992,104.7
21,Female,149,127.1,57.2,Weight Loss,2914,6,192,1986,125.1
22,Female,149,122.7,55.3,Maintenance,3905,4,152,1168,122.4
54,Female,196,76.0,19.8,Muscle Gain,3588,0,0,0,76.9
58,Male,166,100.0,36.3,General Fitness,2381,3,288,2709,99.3
30,Male,149,55.6,25.0,Maintenance,2506,5,165,3665,56.2
51,Male,148,93.6,42.7,Weight Loss,3916,1,35,393,92.5
39,Male,153,63.0,26.9,Maintenance,3925,5,510,1845,62.1
40,Male,173,114.4,38.2,Muscle Gain,3987,4,220,2636,115.7
20,Female,166,92.8,33.7,General Fitness,3924,3,93,630,93.9
59,Female,171,81.1,27.7,General Fitness,2452,6,570,2280,81.3
51,Male,154,66.9,28.2,Maintenance,3844,3,342,1293,67.8
49,Male,160,139.9,54.6,Muscle Gain,2520,0,0,0,141.0
38,Male,186,47.2,13.6,Muscle Gain,3519,6,192,4386,48.1
38,Female,186,44.4,12.8,General Fitness,2594,1,64,204,44.9
28,Male,195,61.7,16.2,Weight Loss,4726,7,616,5215,57.6
56,Female,154,137.1,57.8,Muscle Gain,3885,7,469,2373,138.6
21,Female,150,137.9,61.3,General Fitness,2887,0,0,0,138.5
18,Female,193,105.5,28.3,General Fitness,2323,3,132,891,105.5
45,Female,149,128.0,57.7,Muscle Gain,4809,6,624,2766,129.4
41,Male,150,61.4,27.3,Muscle Gain,4747,3,309,2871,61.8
52,Female,200,137.2,34.3,Maintenance,3131,0,0,0,136.6
30,Female,191,54.3,14.9,Weight Loss,3424,3,285,633,53.3
51,Male,169,50.1,17.5,Maintenance,4384,6,444,4416,50.5
28,Female,195,51.2,13.5,Maintenance,2652,2,154,1448,51.6
53,Female,194,97.3,25.9,General Fitness,2343,4,292,2656,97.7
34,Female,148,118.1,53.9,General Fitness,3251,1,66,787,117.6
52,Male,184,76.7,22.7,Weight Loss,2378,4,232,1832,75.3
35,Female,192,137.8,37.4,Maintenance,2008,1,113,223,137.8
57,Female,176,83.4,26.9,Maintenance,2317,6,684,1242,84.0
39,Male,200,55.0,13.8,General Fitness,3551,3,189,1281,54.8
41,Male,195,86.6,22.8,General Fitness,4216,7,616,4025,86.8
36,Female,196,107.9,28.1,Muscle Gain,1538,6,432,1932,109.6
54,Female,179,123.2,38.5,Maintenance,1016,0,0,0,124.0
56,Male,154,85.9,36.2,Weight Loss,1574,7,336,4585,83.8
38,Female,178,99.4,31.4,Maintenance,2802,0,0,0,99.1
25,Male,180,66.7,20.6,General Fitness,3623,3,180,2805,66.8
45,Female,150,104.6,46.5,Muscle Gain,4062,1,40,456,105.4
22,Male,187,138.6,39.6,Maintenance,2062,3,111,2142,138.9
34,Female,190,44.9,12.4,Weight Loss,1129,1,54,982,44.3
54,Male,160,128.7,50.3,General Fitness,3162,3,147,1041,128.1
53,Male,197,96.2,24.8,Muscle Gain,2473,7,469,4102,96.9
36,Male,163,65.2,24.5,Maintenance,1949,3,108,2700,65.2
44,Male,178,135.5,42.8,Weight Loss,4996,3,318,2694,132.4
51,Male,169,88.3,30.9,General Fitness,2068,7,476,4459,88.4
28,Female,175,73.2,23.9,Weight Loss,1215,0,0,0,72.0
29,Female,193,58.1,15.6,Maintenance,2623,1,101,835,57.4
38,Male,185,64.4,18.8,General Fitness,3895,5,245,1180,64.6
28,Female,161,123.3,47.6,Maintenance,2438,3,330,2580,122.6
56,Female,191,101.4,27.8,Muscle Gain,3736,4,160,1220,101.6
45,Female,174,131.3,43.4,Maintenance,2002,4,180,3256,132.0
22,Female,183,63.2,18.9,Muscle Gain,3312,6,426,2586,64.6
34,Female,198,52.1,13.3,Maintenance,2946,6,714,2070,52.8
37,Female,199,40.6,10.3,Weight Loss,2463,0,0,0,41.4
58,Male,175,90.8,29.6,Weight Loss,1616,2,132,716,88.7
29,Female,163,139.8,52.6,General Fitness,4452,5,405,2405,138.9
23,Female,179,109.5,34.2,Weight Loss,2869,0,0,0,107.9
34,Female,173,70.8,23.7,Weight Loss,1300,2,128,648,69.1
36,Male,145,127.7,60.7,Muscle Gain,1984,0,0,0,128.1
43,Female,148,118.2,54.0,Weight Loss,2194,6,216,3714,114.4
49,Female,172,41.5,14.0,Muscle Gain,4691,4,124,2076,43.1
23,Female,162,121.7,46.4,Muscle Gain,1405,3,162,2622,121.9
53,Male,170,70.1,24.3,Muscle Gain,4426,1,105,914,71.0
55,Female,184,55.0,16.2,Maintenance,1160,6,420,4086,55.9
28,Male,163,62.6,23.6,Muscle Gain,2818,3,312,2598,64.0
50,Female,199,86.9,21.9,Maintenance,2575,4,324,2092,86.9
41,Male,199,82.5,20.8,Muscle Gain,1025,7,812,4158,84.3
40,Male,150,68.9,30.6,Maintenance,1082,1,110,972,68.3
32,Male,145,57.2,27.2,General Fitness,1172,2,212,770,57.2
44,Female,152,116.2,50.3,General Fitness,1998,2,188,1330,115.9
28,Male,177,139.0,44.4,Maintenance,2708,4,424,1024,137.8
34,Male,195,117.8,31.0,General Fitness,3841,1,67,928,118.6
31,Male,187,69.6,19.9,Weight Loss,4141,3,288,1971,67.2
44,Male,165,64.5,23.7,Muscle Gain,3882,4,436,1628,64.9
35,Female,168,61.8,21.9,Maintenance,1005,2,142,1826,62.2
45,Female,169,53.7,18.8,General Fitness,3843,7,700,1911,53.6
21,Female,191,95.1,26.1,General Fitness,4266,4,332,2732,95.2
24,Female,199,100.5,25.4,Weight Loss,1524,7,672,1988,99.2
52,Male,187,110.6,31.6,Muscle Gain,3110,3,321,2493,111.7
26,Female,163,108.0,40.6,Weight Loss,4084,0,0,0,108.1
25,Male,173,69.2,23.1,Maintenance,3045,7,763,5880,68.3
34,Female,197,73.0,18.8,General Fitness,1760,7,231,6951,72.4
34,Female,154,108.2,45.6,General Fitness,1204,5,300,1240,107.8
50,Female,200,74.9,18.7,General Fitness,1896,5,210,3125,74.5
49,Male,156,61.3,25.2,Weight Loss,2788,6,336,3348,58.1
25,Female,177,77.4,24.7,Weight Loss,3087,5,440,2205,73.5
36,Female,200,67.2,16.8,Muscle Gain,2188,0,0,0,67.4
55,Female,151,48.8,21.4,Maintenance,4102,3,279,2928,49.1
20,Male,161,123.0,47.5,Muscle Gain,3035,6,324,1608,124.4
22,Female,154,125.3,52.8,Muscle Gain,2552,1,66,751,125.2
30,Female,175,62.0,20.2,General Fitness,4720,7,728,6265,61.8
48,Male,150,46.5,20.7,Weight Loss,1876,4,408,3376,42.7
33,Male,161,113.9,43.9,Maintenance,4903,3,300,765,113.8
49,Female,194,61.2,16.3,Muscle Gain,1824,0,0,0,61.4
39,Female,181,79.3,24.2,Maintenance,3956,7,371,3178,80.1
46,Female,162,46.4,17.7,General Fitness,4748,6,576,1224,46.0
39,Male,170,62.6,21.7,Muscle Gain,3445,2,154,1560,63.4
60,Male,193,119.3,32.0,Weight Loss,2482,5,470,1255,117.7
20,Male,198,120.4,30.7,Muscle Gain,2816,5,335,2640,121.8
27,Female,160,60.7,23.7,General Fitness,4294,3,357,891,60.0
59,Male,152,73.6,31.9,Muscle Gain,3681,7,693,2520,74.7
38,Female,168,53.4,18.9,General Fitness,2101,5,440,3025,53.2
33,Male,157,47.4,19.2,Muscle Gain,4896,5,205,4910,48.8
29,Male,173,139.2,46.5,Maintenance,1838,7,581,5432,138.8
19,Male,176,105.6,34.1,Weight Loss,1599,3,240,1578,103.7
58,Female,168,94.2,33.4,General Fitness,3672,3,201,1326,94.7
41,Female,160,116.5,45.5,Maintenance,4683,6,450,4218,116.7
52,Female,155,124.0,51.6,General Fitness,2961,0,0,0,124.3
47,Female,176,120.7,39.0,Muscle Gain,1937,0,0,0,121.7
47,Male,150,41.7,18.5,General Fitness,4886,5,580,4615,40.8
52,Female,179,58.7,18.3,General Fitness,3931,6,486,3846,59.2
36,Male,177,105.5,33.7,Weight Loss,4499,3,240,1059,104.8
25,Female,162,77.6,29.6,Maintenance,1424,3,153,1299,77.6
43,Female,181,138.2,42.2,Muscle Gain,3434,5,510,4255,139.5
57,Male,157,106.5,43.2,Weight Loss,4310,1,112,532,105.2
24,Male,154,135.7,57.2,General Fitness,4051,2,202,1388,136.2
47,Female,181,60.1,18.3,Weight Loss,3905,4,388,1256,57.6
24,Female,170,126.4,43.7,General Fitness,3670,4,136,2272,127.1
20,Male,190,72.1,20.0,Muscle Gain,3137,7,784,3724,73.0
18,Male,161,139.0,53.6,General Fitness,3432,5,555,1645,139.1
53,Male,145,55.8,26.5,Weight Loss,4210,6,348,2262,52.9
42,Male,169,91.6,32.1,Weight Loss,1996,7,784,2058,88.9
54,Male,178,119.3,37.7,General Fitness,3694,4,140,2064,119.6
18,Female,183,83.3,24.9,Maintenance,4595,0,0,0,83.5
32,Female,154,86.8,36.6,Weight Loss,2267,6,522,2370,84.4
54,Female,164,138.6,51.5,Maintenance,4576,7,504,2849,138.8
30,Female,151,82.5,36.2,Maintenance,1421,6,588,4836,81.8
57,Male,200,100.4,25.1,Maintenance,2205,7,707,4704,100.1
25,Male,160,45.5,17.8,Maintenance,4266,0,0,0,44.9
22,Male,181,124.2,37.9,Weight Loss,3921,1,87,207,123.4
26,Female,173,104.8,35.0,Weight Loss,2657,5,330,1675,103.3
18,Male,156,80.4,33.0,Maintenance,3100,0,0,0,80.2
53,Male,161,41.6,16.0,Weight Loss,4033,5,275,2300,40.2
52,Female,192,99.2,26.9,Maintenance,2013,5,355,1730,98.9
19,Female,164,41.3,15.4,Maintenance,4999,7,315,4599,41.4
57,Female,170,40.1,13.9,Maintenance,4939,6,306,5376,40.7
40,Male,192,101.6,27.6,General Fitness,1684,3,156,1911,101.3
26,Male,163,58.9,22.2,Muscle Gain,3226,2,152,1224,60.0
51,Female,191,59.2,16.2,Weight Loss,1292,2,192,1398,57.5
31,Female,156,105.3,43.3,Weight Loss,3422,5,160,2155,102.9
21,Male,165,45.4,16.7,Maintenance,4130,2,82,600,44.7
47,Female,186,71.3,20.6,General Fitness,2077,2,104,692,71.2
48,Male,198,54.9,14.0,General Fitness,4985,4,160,3664,55.9
55,Female,178,98.0,30.9,Weight Loss,4840,6,486,4236,94.7
28,Female,151,106.2,46.6,Maintenance,4316,4,316,3028,106.5
52,Female,189,112.1,31.4,Weight Loss,4220,3,258,909,110.1
25,Male,179,65.5,20.4,Maintenance,3843,1,93,535,65.1
20,Male,159,48.9,19.3,Maintenance,4439,6,450,3870,48.6
31,Female,145,47.9,22.8,Muscle Gain,1015,0,0,0,49.0
30,Male,170,82.6,28.6,Maintenance,1175,7,693,4501,83.3
49,Female,179,134.6,42.0,Muscle Gain,2563,7,525,2219,136.4
51,Female,169,61.8,21.6,Weight Loss,2429,7,315,5012,57.9
36,Male,186,65.7,19.0,Weight Loss,2490,0,0,0,64.9
55,Male,159,50.1,19.8,General Fitness,2903,4,160,3064,49.6
33,Male,166,100.6,36.5,Muscle Gain,1128,5,200,3650,101.7
19,Male,150,108.0,48.0,Weight Loss,4294,2,184,574,106.6
57,Female,196,104.3,27.2,Muscle Gain,1883,3,246,2874,104.7
34,Male,159,126.1,49.9,Weight Loss,2267,1,118,828,124.4
51,Male,168,88.6,31.4,Muscle Gain,1425,4,348,2700,89.4
59,Female,165,53.4,19.6,Muscle Gain,3401,5,240,4405,55.3
33,Female,151,68.9,30.2,Maintenance,1749,3,183,2052,69.3
55,Female,173,106.2,35.5,Weight Loss,1743,7,553,6027,102.0
19,Female,176,101.3,32.7,General Fitness,4397,5,505,2470,102.0
19,Male,176,93.1,30.1,Maintenance,4675,3,252,2757,93.1
43,Male,197,108.3,27.9,General Fitness,2026,4,420,2320,108.7
30,Female,149,103.7,46.7,Muscle Gain,1478,3,210,1446,104.0
48,Female,148,128.1,58.5,Maintenance,1975,6,594,5310,128.2
51,Male,166,98.6,35.8,Muscle Gain,4152,2,100,1676,99.4
56,Male,162,117.9,44.9,Weight Loss,1043,3,165,1065,116.8
20,Male,179,64.9,20.3,Weight Loss,3202,1,30,379,64.5
25,Male,161,107.8,41.6,General Fitness,1946,3,330,858,108.0
40,Male,194,130.2,34.6,Weight Loss,2559,6,336,3630,127.4
31,Female,194,78.6,20.9,General Fitness,2939,0,0,0,78.3
44,Female,200,117.9,29.5,Muscle Gain,3975,6,570,2796,119.2
46,Female,168,112.5,39.9,Maintenance,1098,3,282,2379,112.3
56,Female,146,46.0,21.6,Weight Loss,4468,7,273,1841,43.2
56,Male,157,98.2,39.8,Muscle Gain,4951,5,330,1590,99.5
18,Female,198,53.0,13.5,Maintenance,1170,7,686,3780,52.2
34,Male,159,136.7,54.1,Muscle Gain,1147,7,490,3584,137.3
58,Male,149,121.1,54.5,General Fitness,3170,4,300,1448,120.6
47,Male,147,51.0,23.6,Muscle Gain,1111,0,0,0,51.5
30,Male,181,52.2,15.9,General Fitness,2022,4,296,1968,52.2
38,Male,181,99.4,30.3,General Fitness,4059,5,585,4445,98.7
36,Male,181,74.5,22.7,Weight Loss,4201,1,56,576,72.5
36,Male,147,43.5,20.1,General Fitness,1067,2,188,1482,42.9
42,Female,179,94.2,29.4,General Fitness,4930,1,113,600,93.9
39,Male,196,78.8,20.5,Muscle Gain,1827,0,0,0,78.2
48,Female,167,50.1,18.0,General Fitness,2752,5,480,2995,50.6
34,Female,172,120.2,40.6,General Fitness,4971,7,546,4186,121.0
40,Male,174,131.5,43.4,Muscle Gain,3939,5,590,3430,132.4
49,Male,162,115.7,44.1,Maintenance,2631,7,826,4998,115.8
27,Female,196,122.2,31.8,Weight Loss,4728,2,86,446,122.1
27,Female,180,61.6,19.0,Muscle Gain,4968,3,273,774,63.6
53,Female,177,66.4,21.2,General Fitness,4616,0,0,0,66.3
25,Female,170,60.9,21.1,Muscle Gain,2309,2,112,878,62.1
37,Male,192,116.5,31.6,Maintenance,4076,6,336,3060,115.7
49,Male,184,134.8,39.8,Muscle Gain,4189,6,582,3120,135.6
31,Male,161,111.7,43.1,Muscle Gain,4723,4,416,3484,113.0
45,Female,184,128.1,37.8,Muscle Gain,3277,7,539,4760,129.6
41,Male,151,103.9,45.6,Muscle Gain,1159,2,192,1542,104.9
32,Female,152,78.8,34.1,General Fitness,4365,4,216,3804,78.9
39,Male,197,82.6,21.3,Muscle Gain,2784,6,558,3678,83.1
47,Female,200,47.5,11.9,Maintenance,2808,6,318,3126,47.5
21,Male,175,43.1,14.1,Muscle Gain,3233,4,152,2404,44.1
30,Male,156,109.5,45.0,Muscle Gain,2013,5,185,1290,111.1
40,Female,192,83.8,22.7,General Fitness,1876,2,176,504,83.5
25,Female,175,95.2,31.1,General Fitness,1551,5,230,1315,95.7
35,Female,188,95.8,27.1,Muscle Gain,4295,6,432,4992,95.9
29,Female,163,67.7,25.5,General Fitness,2175,5,485,1590,67.4
48,Female,154,87.6,36.9,General Fitness,2163,7,231,3395,87.5
31,Male,183,87.1,26.0,Muscle Gain,2390,1,37,217,87.1
51,Female,156,78.8,32.4,General Fitness,2151,1,71,204,78.0
35,Male,164,122.1,45.4,Weight Loss,4422,5,390,2955,120.0
51,Male,181,85.1,26.0,Weight Loss,3194,5,175,1795,83.1
28,Male,192,100.4,27.2,Weight Loss,2308,7,714,2387,97.7
58,Male,185,129.6,37.9,General Fitness,2492,4,284,2384,131.0
29,Male,151,126.6,55.5,Weight Loss,2241,5,505,1085,123.4
32,Female,196,129.0,33.6,Maintenance,1435,0,0,0,129.0
48,Female,198,67.0,17.1,Weight Loss,1731,2,88,626,66.0
46,Male,158,43.5,17.4,Maintenance,2168,0,0,0,42.9
43,Male,155,66.1,27.5,General Fitness,2864,1,116,731,65.6
35,Female,151,67.9,29.8,Weight Loss,2300,0,0,0,67.0
49,Female,173,130.9,43.7,Maintenance,2777,3,168,1980,131.5
39,Male,154,104.9,44.2,General Fitness,1059,3,285,2427,104.6
55,Female,173,48.2,16.1,Weight Loss,2633,1,88,816,47.5
34,Female,153,53.5,22.9,Muscle Gain,3890,0,0,0,54.9
40,Female,180,55.6,17.2,Weight Loss,4446,2,106,408,54.4
41,Male,192,103.0,27.9,Weight Loss,3451,7,560,2296,100.3
25,Female,154,113.5,47.9,Weight Loss,3928,1,50,870,111.3
58,Male,163,126.0,47.4,Muscle Gain,4764,3,180,2886,127.2
23,Male,200,134.1,33.5,Maintenance,2137,1,104,698,132.7
22,Male,175,60.2,19.7,Maintenance,2518,0,0,0,59.3
46,Male,161,71.0,27.4,Muscle Gain,3662,0,0,0,71.5
45,Male,153,64.0,27.3,Weight Loss,1335,0,0,0,63.6
28,Female,189,75.9,21.2,Weight Loss,1830,4,180,912,74.8
18,Male,177,131.5,42.0,Weight Loss,2592,0,0,0,131.0
60,Male,178,97.5,30.8,Maintenance,1284,5,575,4245,96.4
36,Male,189,113.8,31.9,Maintenance,3176,3,276,1068,113.9
26,Female,168,89.0,31.5,Muscle Gain,2915,6,510,1380,89.9
44,Female,153,42.9,18.3,General Fitness,3001,3,327,1455,43.0
51,Female,151,46.4,20.3,Muscle Gain,3362,4,212,3456,47.4
21,Female,160,93.8,36.6,Maintenance,1959,3,171,1605,94.0
53,Female,163,111.9,42.1,Weight Loss,2621,3,342,2307,109.5
35,Female,183,61.5,18.4,Weight Loss,4783,1,118,512,59.9
32,Female,150,112.2,49.9,Weight Loss,1070,6,360,4788,107.4
30,Male,194,121.1,32.2,Weight Loss,3392,6,264,1932,119.2
36,Male,195,81.2,21.4,General Fitness,2121,0,0,0,81.0
23,Female,155,114.6,47.7,Muscle Gain,2323,5,395,2850,114.4
29,Male,156,80.4,33.0,Muscle Gain,3223,5,575,2565,81.0
54,Male,186,107.8,31.2,Maintenance,4816,1,34,227,106.7
34,Female,157,116.4,47.2,Muscle Gain,1883,5,385,1770,119.9
40,Male,156,139.2,57.2,General Fitness,2098,1,42,429,139.7
43,Male,165,74.5,27.4,General Fitness,1142,6,366,4488,74.0
46,Female,154,81.1,34.2,General Fitness,3978,6,576,1230,81.0
50,Male,164,56.6,21.0,Weight Loss,2046,7,756,4704,52.5
44,Female,194,60.4,16.0,Maintenance,3228,6,354,3102,59.9
42,Female,180,109.3,33.7,General Fitness,2068,5,175,2120,109.3
27,Male,172,131.7,44.5,Muscle Gain,4540,3,162,696,132.1
40,Male,168,79.5,28.2,Muscle Gain,1091,6,342,1728,80.2
38,Male,149,58.0,26.1,Muscle Gain,4340,7,637,3731,59.3
38,Female,181,68.5,20.9,General Fitness,3081,2,102,478,68.5
60,Female,156,85.5,35.1,General Fitness,1677,0,0,0,85.6
30,Female,179,69.1,21.6,Muscle Gain,4653,2,88,1148,69.8
54,Male,184,63.4,18.7,General Fitness,4435,3,165,1491,62.5
50,Male,198,113.6,29.0,Muscle Gain,4779,4,368,2368,115.0
41,Female,146,40.8,19.1,Weight Loss,4204,1,47,217,41.5
28,Male,194,93.9,24.9,General Fitness,3806,7,714,5082,94.1
34,Male,185,119.4,34.9,Weight Loss,1381,5,460,1655,117.9
21,Female,189,66.6,18.6,Weight Loss,2703,5,455,2445,63.5
42,Female,183,100.3,30.0,General Fitness,1965,3,291,1224,100.7
47,Male,186,106.9,30.9,Muscle Gain,4348,5,385,2630,107.6
26,Female,153,105.5,45.1,Maintenance,2179,3,237,2106,106.0
38,Male,166,84.6,30.7,Weight Loss,3434,7,644,3346,81.6
37,Female,191,74.7,20.5,General Fitness,3582,2,196,1162,75.1
36,Female,149,123.6,55.7,Weight Loss,3247,4,140,3948,120.8
36,Female,156,115.8,47.6,Muscle Gain,3322,1,87,508,115.9
29,Male,145,72.1,34.3,General Fitness,1500,5,400,2380,72.6
54,Male,188,50.3,14.2,Maintenance,1458,4,164,1100,51.2
59,Female,166,47.2,17.1,General Fitness,1049,4,304,1988,46.5
34,Female,182,49.4,14.9,Weight Loss,1969,4,152,2308,48.3
54,Female,195,98.3,25.9,General Fitness,4769,0,0,0,98.3
56,Male,163,45.2,17.0,General Fitness,1987,4,232,1244,44.2
45,Female,160,73.7,28.8,Weight Loss,1531,6,642,5862,69.6
58,Female,175,115.3,37.6,Maintenance,2003,3,240,813,115.5
52,Female,195,69.4,18.3,Muscle Gain,3675,0,0,0,69.9
35,Female,147,116.3,53.8,General Fitness,2115,6,504,1320,115.8
31,Male,167,114.5,41.1,Maintenance,4932,0,0,0,114.6
52,Male,186,64.6,18.7,Muscle Gain,2479,4,340,1280,64.2
58,Female,162,112.9,43.0,Weight Loss,1338,5,255,2705,109.4
24,Male,170,114.8,39.7,Maintenance,4124,5,235,4260,115.0
58,Male,157,79.7,32.3,Maintenance,4567,5,435,2515,79.0
30,Male,162,61.0,23.2,General Fitness,2658,5,345,3230,61.6
35,Female,147,92.1,42.6,Weight Loss,2876,3,354,2745,89.6
54,Male,167,132.1,47.4,General Fitness,2873,7,420,6440,132.2
30,Male,147,104.0,48.1,Weight Loss,4848,5,425,3475,101.0
53,Male,199,57.3,14.5,Muscle Gain,3051,1,64,720,57.5
48,Female,169,108.3,37.9,General Fitness,2704,4,220,1536,109.0
19,Female,171,82.7,28.3,Weight Loss,1280,0,0,0,82.9
33,Male,188,99.2,28.1,Weight Loss,2313,1,113,912,97.1
26,Male,171,113.4,38.8,Maintenance,3120,5,315,3875,113.5
26,Female,196,91.5,23.8,General Fitness,2160,1,105,549,91.3
55,Female,183,121.4,36.3,General Fitness,4921,0,0,0,122.2
28,Male,169,112.2,39.3,Muscle Gain,3815,5,355,3680,113.5
39,Male,168,101.5,36.0,Weight Loss,1970,1,34,611,100.0
50,Female,152,55.1,23.8,Maintenance,4724,3,270,1065,55.0
53,Female,153,123.6,52.8,Weight Loss,1997,3,219,2796,121.6
40,Male,190,133.6,37.0,Weight Loss,2416,4,256,3400,129.9
51,Female,181,53.7,16.4,Weight Loss,1207,7,210,5124,49.5
26,Male,174,88.8,29.3,General Fitness,1259,4,288,2804,88.5
41,Male,197,65.9,17.0,Weight Loss,1929,6,366,4110,63.6
25,Male,163,115.5,43.5,Muscle Gain,1262,1,92,353,116.5
24,Female,197,112.2,28.9,Maintenance,1782,0,0,0,111.6
53,Male,160,54.1,21.1,Maintenance,1504,3,318,2073,54.1
35,Male,168,127.7,45.2,Weight Loss,2573,2,190,480,127.1
20,Female,188,58.1,16.4,Maintenance,1202,7,413,5082,57.9
45,Female,165,119.7,44.0,Weight Loss,2759,4,156,3960,115.4
23,Male,180,85.7,26.5,General Fitness,4418,6,312,2208,85.9
38,Male,184,72.8,21.5,Maintenance,3013,3,204,2535,73.5
45,Female,183,55.8,16.7,General Fitness,3099,6,444,5460,56.0
57,Female,191,56.8,15.6,General Fitness,4664,5,290,4745,55.7
18,Female,150,106.2,47.2,Muscle Gain,2379,1,59,311,107.7
53,Male,149,95.0,42.8,Muscle Gain,4794,6,378,3972,95.4
38,Male,158,52.2,20.9,Maintenance,4590,7,567,1757,53.1
60,Male,197,51.3,13.2,Weight Loss,3410,3,330,2544,49.1
52,Female,189,47.2,13.2,Weight Loss,1044,3,153,1362,45.0
30,Male,186,114.4,33.1,Weight Loss,3874,1,34,826,112.8
27,Female,194,111.2,29.5,Weight Loss,2401,4,160,1428,109.7
27,Male,148,45.8,20.9,Muscle Gain,1788,4,460,1996,46.2
30,Female,152,96.0,41.6,Weight Loss,2435,2,122,1252,94.7
54,Male,168,48.5,17.2,Weight Loss,3818,7,371,6825,42.7
55,Male,155,130.4,54.3,General Fitness,3189,2,80,1012,130.5
41,Female,161,130.7,50.4,Weight Loss,4329,4,160,1192,128.3
19,Female,194,109.8,29.2,Weight Loss,3844,4,184,1280,107.3
39,Male,165,132.6,48.7,Muscle Gain,4985,7,427,5607,132.9
34,Female,170,121.1,41.9,Maintenance,3084,6,672,1374,121.2
53,Female,187,122.9,35.1,General Fitness,3092,7,392,3003,123.1
31,Male,192,97.0,26.3,General Fitness,3967,4,244,3400,96.6
27,Female,188,70.6,20.0,Maintenance,2655,4,360,1812,71.5
52,Male,189,61.8,17.3,General Fitness,2069,3,162,1809,61.0
42,Male,171,72.7,24.9,Weight Loss,2675,2,186,1386,72.4
20,Female,160,102.8,40.2,Weight Loss,3612,1,93,230,102.3
55,Female,199,57.3,14.5,Maintenance,1300,7,399,2527,56.7
34,Male,170,65.9,22.8,Muscle Gain,1287,0,0,0,65.8
29,Male,197,86.8,22.4,Muscle Gain,1785,1,43,355,87.8
41,Male,177,63.3,20.2,General Fitness,3316,7,497,3654,63.5
46,Male,175,98.9,32.3,Muscle Gain,4971,5,340,4140,99.8
60,Male,192,132.3,35.9,Muscle Gain,3838,7,217,2730,132.9
42,Male,191,114.8,31.5,Muscle Gain,4133,0,0,0,115.1
53,Female,150,106.6,47.4,Muscle Gain,4637,3,90,2148,107.4
43,Female,188,98.3,27.8,Muscle Gain,3628,5,305,3615,98.4
55,Female,152,88.8,38.4,Muscle Gain,2265,2,224,1540,89.9
18,Male,151,58.7,25.7,Muscle Gain,3983,0,0,0,59.8
37,Female,178,129.5,40.9,General Fitness,2805,4,428,2152,129.8
45,Male,188,64.9,18.4,Weight Loss,4835,5,300,4020,62.8
33,Male,197,49.1,12.7,Muscle Gain,3401,3,261,1554,49.6
34,Female,158,115.0,46.1,Weight Loss,2819,7,777,2170,113.1
57,Male,160,57.6,22.5,Maintenance,4015,7,749,4704,56.9
45,Male,187,77.2,22.1,Weight Loss,4934,0,0,0,75.8
29,Male,196,42.8,11.1,Maintenance,1070,4,468,1676,43.7
44,Male,153,53.7,22.9,General Fitness,1834,5,490,3430,53.7
59,Male,154,57.3,24.2,Weight Loss,3460,3,135,1512,55.1
47,Male,161,45.4,17.5,Maintenance,1611,7,686,5012,45.6
58,Female,156,105.7,43.4,Weight Loss,4132,5,415,1640,103.2
51,Male,150,123.7,55.0,General Fitness,3662,0,0,0,124.1
54,Male,163,77.3,29.1,Weight Loss,4523,4,436,892,75.4
23,Male,187,127.5,36.5,Maintenance,2416,2,216,1480,128.3
24,Male,185,61.3,17.9,Muscle Gain,4702,6,360,1986,62.0
49,Female,197,72.5,18.7,Muscle Gain,3576,3,294,2265,72.8
49,Female,173,55.1,18.4,Muscle Gain,2328,0,0,0,56.0
42,Male,150,102.1,45.4,General Fitness,1190,7,413,4872,101.9
50,Male,169,82.0,28.7,Muscle Gain,2747,4,208,3672,83.2
24,Male,168,101.3,35.9,General Fitness,3125,2,134,1162,102.0
29,Female,169,116.2,40.7,Muscle Gain,2581,5,290,2075,117.6
33,Female,160,94.6,37.0,General Fitness,2628,4,424,3820,95.0
33,Female,196,102.8,26.8,General Fitness,1888,6,366,4452,102.7
60,Female,160,133.5,52.1,Weight Loss,4596,2,182,1954,131.4
53,Male,150,69.9,31.1,Muscle Gain,4811,0,0,0,71.5
30,Female,181,75.9,23.2,Weight Loss,4372,7,546,1967,73.5
24,Female,165,111.8,41.1,Maintenance,3996,4,248,1420,111.5
53,Male,148,101.1,46.2,Muscle Gain,1016,6,198,2190,102.0
26,Male,178,57.9,18.3,Muscle Gain,1814,4,188,1628,59.3
49,Female,172,77.6,26.2,Muscle Gain,2597,1,99,223,77.9
28,Female,182,86.8,26.2,Muscle Gain,3481,3,279,2670,88.7
25,Female,185,81.9,23.9,Weight Loss,2066,4,228,2124,80.9
50,Female,172,57.8,19.5,Weight Loss,4139,6,522,4566,54.1
40,Male,161,132.4,51.1,General Fitness,4451,2,238,1436,132.2
42,Male,158,116.2,46.5,Weight Loss,3259,3,255,2130,113.9
25,Female,151,88.1,38.6,General Fitness,3250,0,0,0,89.2
39,Female,166,108.0,39.2,Maintenance,3025,6,636,4752,108.6
21,Female,195,129.7,34.1,Weight Loss,3773,3,189,1320,127.1
57,Female,145,53.6,25.5,General Fitness,1108,1,116,380,53.9
20,Female,173,65.0,21.7,Muscle Gain,4015,7,273,3444,66.1
46,Male,196,94.3,24.5,Maintenance,1283,0,0,0,94.4
58,Male,175,119.9,39.2,General Fitness,3988,4,136,3060,119.5
46,Male,174,43.6,14.4,Maintenance,2960,6,438,1734,42.6
51,Female,159,138.4,54.7,Muscle Gain,2629,5,190,3190,139.5
51,Female,162,85.5,32.6,Muscle Gain,4296,0,0,0,86.5
45,Male,179,75.9,23.7,General Fitness,1736,6,198,4452,76.3
30,Male,194,69.3,18.4,General Fitness,4822,7,497,2744,68.9
32,Female,174,57.4,19.0,Muscle Gain,2141,7,658,4809,58.9
40,Male,178,119.2,37.6,General Fitness,1931,0,0,0,120.1
43,Female,186,135.5,39.2,Muscle Gain,1602,1,93,548,136.4
21,Female,155,81.4,33.9,Weight Loss,2363,2,168,576,79.9
43,Male,171,135.2,46.2,General Fitness,2824,0,0,0,135.7
57,Male,168,122.4,43.4,Maintenance,4352,6,282,3438,121.7
26,Male,179,88.1,27.5,Muscle Gain,1490,7,315,1722,89.6
22,Female,183,107.4,32.1,Weight Loss,3066,2,232,1264,104.9
49,Female,152,83.5,36.1,General Fitness,2198,3,225,1035,82.9
37,Male,195,95.9,25.2,Muscle Gain,4540,5,325,1010,96.3
28,Female,162,45.8,17.5,Weight Loss,2641,1,119,729,44.1
32,Female,157,109.6,44.5,General Fitness,1800,7,665,3591,110.0
49,Female,189,45.3,12.7,Muscle Gain,1759,4,292,2104,47.0
45,Male,168,121.7,43.1,Muscle Gain,4906,7,238,1960,123.6
39,Female,195,122.5,32.2,Muscle Gain,2165,6,348,2112,123.1
58,Male,167,63.7,22.8,General Fitness,2486,6,198,3606,64.2
34,Male,156,72.4,29.8,Weight Loss,3976,6,690,4122,69.2
43,Female,193,88.1,23.7,Muscle Gain,3345,0,0,0,88.6
24,Male,174,99.7,32.9,Weight Loss,2493,5,505,1440,98.2
59,Female,175,68.7,22.4,Weight Loss,1704,5,570,1670,65.9
43,Male,172,99.2,33.5,Maintenance,4934,2,74,802,99.5
42,Male,166,69.8,25.3,Weight Loss,1814,0,0,0,68.7
27,Female,188,45.5,12.9,Weight Loss,1802,6,588,2268,43.5
36,Male,172,40.3,13.6,Weight Loss,1372,5,250,2690,42.0
28,Male,157,50.1,20.3,Weight Loss,2491,7,392,1946,47.9
30,Male,169,119.2,41.7,Weight Loss,3975,6,402,4776,113.9
25,Female,188,136.1,38.5,General Fitness,3998,6,204,4392,135.5
57,Female,195,82.7,21.7,Maintenance,2461,6,684,3462,82.7
21,Male,190,91.3,25.3,Muscle Gain,3891,1,90,364,93.0
48,Male,151,54.7,24.0,Maintenance,3994,4,148,2956,54.5
45,Male,189,95.1,26.6,Maintenance,4791,3,345,2844,94.8
28,Female,150,54.5,24.2,Muscle Gain,3490,7,329,6993,55.1
60,Female,168,101.1,35.8,Weight Loss,4527,3,99,2688,99.2
18,Male,163,133.3,50.2,Muscle Gain,4319,2,66,708,133.6
55,Female,163,59.6,22.4,Weight Loss,3189,5,330,1610,57.6
41,Female,180,116.5,36.0,Muscle Gain,3449,3,132,2394,118.1
48,Female,195,42.4,11.2,General Fitness,4967,2,134,802,42.5
58,Female,153,77.5,33.1,Maintenance,1822,4,224,956,78.5
43,Male,192,51.1,13.9,Weight Loss,1221,6,684,2208,49.1
22,Female,180,75.2,23.2,Maintenance,3784,7,539,1883,74.6
37,Female,182,57.4,17.3,Weight Loss,4937,7,525,6937,52.9
58,Male,184,77.3,22.8,Muscle Gain,4255,0,0,0,77.9
28,Male,173,81.8,27.3,Muscle Gain,2387,1,77,639,81.8
50,Female,168,70.1,24.8,Muscle Gain,4888,4,352,2392,71.6
55,Female,192,105.7,28.7,General Fitness,1993,4,132,2768,105.5
44,Male,149,131.9,59.4,Muscle Gain,2211,3,312,1659,133.4
51,Male,197,80.1,20.6,Muscle Gain,3160,3,144,1581,81.6
32,Male,198,59.2,15.1,General Fitness,2204,1,86,697,59.8
49,Female,186,67.1,19.4,Maintenance,4270,7,336,4326,67.8
38,Female,199,125.4,31.7,Maintenance,2925,0,0,0,125.7
22,Male,189,97.2,27.2,Weight Loss,4141,4,136,2952,95.1
23,Female,170,85.5,29.6,Maintenance,1597,5,385,2720,85.2
55,Male,158,55.0,22.0,Weight Loss,3951,3,162,2526,51.9
39,Female,183,85.0,25.4,Weight Loss,1484,7,672,6916,79.5
35,Male,173,67.8,22.7,Maintenance,4470,4,220,2304,68.2
31,Male,196,134.3,35.0,Maintenance,4993,0,0,0,134.8
27,Female,150,128.4,57.1,General Fitness,3598,7,819,3409,129.1
30,Female,151,48.4,21.2,Weight Loss,2666,2,182,906,46.7
48,Female,181,91.7,28.0,Maintenance,4081,0,0,0,91.8
47,Female,197,62.5,16.1,Maintenance,3050,4,292,2800,61.5
20,Female,162,81.1,30.9,General Fitness,2501,4,464,1136,81.1
47,Female,167,127.7,45.8,Maintenance,4885,1,56,720,127.9
23,Male,188,92.8,26.3,Muscle Gain,1661,7,497,5327,94.1
46,Female,182,73.4,22.2,Muscle Gain,3114,7,714,4984,74.6
25,Male,145,60.8,28.9,Weight Loss,3752,7,595,5005,56.8
60,Male,148,120.0,54.8,General Fitness,4168,4,128,2860,119.2
50,Female,195,102.5,27.0,Maintenance,2554,7,294,4872,102.6
34,Male,188,86.8,24.6,Weight Loss,3019,7,693,5607,81.8
28,Male,191,61.7,16.9,Maintenance,2341,3,264,1083,60.9
30,Female,179,73.4,22.9,Muscle Gain,3145,5,335,4330,74.2
28,Female,167,136.0,48.8,Maintenance,2080,1,114,726,136.5
48,Female,171,92.0,31.5,Maintenance,4934,4,448,2256,91.8
45,Male,170,80.1,27.7,Maintenance,4178,7,826,5201,80.5
23,Female,196,92.1,24.0,Muscle Gain,1087,0,0,0,92.5
58,Female,152,117.9,51.0,Muscle Gain,4019,4,460,3096,118.4
33,Female,187,74.0,21.2,General Fitness,3700,0,0,0,75.1
21,Female,160,57.9,22.6,Muscle Gain,3703,0,0,0,58.4
52,Male,185,98.5,28.8,Weight Loss,3959,4,316,852,96.8
43,Female,147,106.5,49.3,Maintenance,3418,0,0,0,106.8
29,Male,176,111.3,35.9,Muscle Gain,3422,5,510,4110,112.7
28,Female,149,128.2,57.7,Weight Loss,1051,2,76,1040,126.8
54,Male,164,77.1,28.7,Muscle Gain,2747,1,82,709,77.0
42,Male,158,47.5,19.0,Maintenance,1040,4,468,3484,48.2
35,Male,176,135.8,43.8,Weight Loss,3863,6,234,1440,134.7
36,Female,170,83.5,28.9,Muscle Gain,3138,2,226,1986,84.0
40,Male,191,102.3,28.0,Muscle Gain,1038,7,770,3521,103.6
55,Female,150,106.6,47.4,Weight Loss,4084,0,0,0,105.4
35,Female,180,94.7,29.2,General Fitness,3947,0,0,0,94.0
43,Female,184,60.5,17.9,Weight Loss,4679,1,65,649,57.7
23,Female,195,115.5,30.4,Weight Loss,3668,2,232,1998,113.8
21,Female,149,120.4,54.2,Weight Loss,3151,2,112,1186,119.5
46,Male,157,95.3,38.7,Weight Loss,4937,4,188,3456,91.8
51,Female,176,88.9,28.7,Muscle Gain,3790,7,329,5551,89.4
34,Male,160,51.4,20.1,Weight Loss,3090,0,0,0,50.1
60,Male,145,48.4,23.0,Weight Loss,1208,6,576,5622,43.7
60,Male,157,74.0,30.0,Maintenance,1599,3,108,1884,73.8
33,Male,198,71.1,18.1,Muscle Gain,1604,7,609,2457,71.9
19,Male,155,135.4,56.4,Maintenance,2709,6,648,2748,135.7
51,Male,197,118.4,30.5,Muscle Gain,3523,4,236,3160,119.5
25,Male,152,106.0,45.9,General Fitness,4709,4,408,3624,106.2
30,Female,169,91.8,32.1,General Fitness,3156,4,360,1688,91.5
59,Male,184,56.7,16.7,Muscle Gain,4630,1,111,465,57.5
25,Female,176,137.8,44.5,General Fitness,1213,1,46,429,137.7
47,Male,168,77.5,27.5,General Fitness,2627,7,574,4466,77.7
49,Male,172,50.7,17.1,Muscle Gain,2716,4,140,1396,52.7
53,Male,158,89.4,35.8,Weight Loss,3456,5,340,3280,85.9
47,Male,189,127.4,35.7,Maintenance,2576,3,162,1005,126.9
18,Female,147,128.7,59.6,Muscle Gain,3818,2,142,1668,130.0
60,Female,180,41.1,12.7,Muscle Gain,3680,2,142,1196,41.9
56,Female,171,128.6,44.0,Muscle Gain,3124,0,0,0,130.5
34,Male,164,67.1,24.9,Maintenance,3142,2,134,684,67.3
37,Male,191,43.9,12.0,Muscle Gain,1268,6,360,1614,44.5
41,Male,159,124.8,49.4,Maintenance,3408,2,116,506,125.3
39,Female,171,126.4,43.2,Maintenance,3577,3,114,1806,126.8
46,Male,197,99.6,25.7,General Fitness,4876,2,60,1502,100.5
39,Female,189,97.4,27.3,Weight Loss,1682,6,654,5448,92.9
26,Female,185,121.3,35.4,General Fitness,1161,3,348,678,121.0
54,Male,172,118.6,40.1,Muscle Gain,1464,1,101,498,119.5
27,Male,169,129.0,45.2,Muscle Gain,1822,3,228,2673,129.6
53,Female,186,95.3,27.5,Maintenance,4635,1,105,757,95.3
54,Female,188,136.8,38.7,General Fitness,3004,3,117,2559,137.3
45,Female,190,139.6,38.7,Maintenance,3595,4,180,2076,140.2
45,Male,177,51.7,16.5,General Fitness,4258,6,456,3864,51.7
59,Male,190,125.0,34.6,General Fitness,4953,5,360,1485,124.3
60,Male,158,90.0,36.1,General Fitness,4831,7,371,2275,90.1
38,Male,152,78.8,34.1,General Fitness,3099,1,37,257,79.0
41,Male,192,101.3,27.5,General Fitness,1487,1,104,376,101.1
59,Male,158,45.6,18.3,Weight Loss,4602,2,110,1836,44.4
57,Female,145,90.6,43.1,Muscle Gain,4467,1,36,484,91.3
19,Female,160,127.1,49.6,General Fitness,3139,3,324,2595,127.1
25,Female,162,61.3,23.4,General Fitness,1650,4,176,904,61.3
44,Male,151,82.6,36.2,Maintenance,4887,4,308,2600,82.5
39,Female,159,133.9,53.0,Muscle Gain,3404,2,64,1044,135.1
54,Male,168,82.9,29.4,Muscle Gain,2755,3,135,2622,83.8
44,Male,193,75.8,20.3,Muscle Gain,2634,3,324,1347,77.2
46,Female,195,84.1,22.1,General Fitness,2771,0,0,0,83.7
20,Male,199,91.9,23.2,Maintenance,1718,7,301,3983,91.7
30,Female,157,103.2,41.9,Muscle Gain,2167,1,117,289,104.8
27,Female,153,120.1,51.3,Maintenance,1198,2,208,660,119.8
53,Male,200,85.2,21.3,Weight Loss,3862,4,128,2896,82.7
26,Female,200,121.7,30.4,Weight Loss,2346,6,612,1368,119.8
44,Female,159,93.4,36.9,Maintenance,2822,5,495,4880,93.3
51,Female,179,73.8,23.0,General Fitness,2355,0,0,0,74.1
18,Female,168,105.8,37.5,Muscle Gain,4335,7,763,6027,106.4
49,Male,177,111.8,35.7,Weight Loss,3264,3,312,855,109.7
42,Female,160,95.8,37.4,Weight Loss,2724,1,46,257,95.1
46,Female,152,45.7,19.8,Maintenance,3603,4,312,1024,45.9
24,Female,173,57.0,19.0,General Fitness,4505,6,192,3558,55.6
20,Male,167,68.5,24.6,Maintenance,1802,0,0,0,68.8
37,Female,189,68.3,19.1,Maintenance,4531,3,351,1167,68.8
37,Male,175,107.3,35.0,Maintenance,1700,4,336,1100,106.7
47,Female,184,41.8,12.3,Maintenance,1502,4,404,2280,42.0
52,Female,193,115.6,31.0,Maintenance,1468,3,207,2808,114.3
52,Female,198,66.5,17.0,General Fitness,3009,3,285,2115,66.4
56,Male,199,71.0,17.9,Maintenance,2974,2,232,764,70.9
44,Male,158,92.8,37.2,General Fitness,2729,4,276,1412,92.9
43,Male,197,61.6,15.9,Muscle Gain,4853,3,177,1404,62.8
31,Male,174,128.4,42.4,Muscle Gain,3413,5,270,2385,128.9
34,Male,197,48.5,12.5,Muscle Gain,4843,7,252,3773,50.1
35,Male,183,84.4,25.2,Muscle Gain,2936,6,474,1332,85.9
46,Female,171,124.9,42.7,Weight Loss,4310,6,660,3786,121.3
37,Male,191,101.6,27.9,General Fitness,1623,5,150,3625,101.6
44,Female,160,69.2,27.0,Muscle Gain,4652,6,438,4830,70.9
35,Male,195,82.1,21.6,Weight Loss,3967,0,0,0,81.2
21,Male,150,110.7,49.2,General Fitness,3608,6,216,1506,111.0
18,Male,199,137.3,34.7,Weight Loss,3870,1,32,538,135.8
18,Female,177,129.3,41.3,Weight Loss,1966,6,180,1440,126.4
43,Male,188,74.2,21.0,Maintenance,1662,5,400,4375,74.7
37,Male,162,139.8,53.3,Weight Loss,1750,2,134,1434,136.8
40,Female,160,40.4,15.8,Weight Loss,2872,3,216,1818,40.2
27,Female,156,42.8,17.6,General Fitness,4467,1,84,337,42.7
28,Female,164,122.4,45.5,Weight Loss,2418,2,172,596,120.4
58,Female,189,59.9,16.8,Maintenance,4698,4,328,2160,59.8
58,Male,184,46.1,13.6,Muscle Gain,2098,1,62,935,46.8
22,Female,173,63.7,21.3,Muscle Gain,4169,5,545,2575,65.3
18,Male,174,82.6,27.3,General Fitness,1382,2,182,1482,82.2
34,Male,170,113.1,39.1,General Fitness,4694,3,120,1272,113.7
39,Female,166,102.4,37.2,Weight Loss,4940,3,303,1380,100.3
51,Male,177,63.8,20.4,General Fitness,2393,6,486,2676,64.2
58,Female,197,90.3,23.3,Weight Loss,4356,2,60,556,87.6
46,Male,183,132.6,39.6,General Fitness,4327,4,172,3584,132.5
21,Female,191,121.5,33.3,Muscle Gain,4901,6,684,5346,121.8
22,Female,173,72.3,24.2,Muscle Gain,3356,5,250,3360,73.0
28,Female,166,138.2,50.2,Muscle Gain,2652,2,126,552,139.1
38,Female,189,110.9,31.0,Muscle Gain,1175,0,0,0,112.7
52,Female,157,46.2,18.7,Weight Loss,1227,2,86,1880,44.2
29,Female,153,43.5,18.6,Weight Loss,3394,2,138,402,41.3
43,Male,168,56.8,20.1,Weight Loss,3038,5,320,1080,55.2
36,Male,159,112.8,44.6,Muscle Gain,4689,3,213,1629,113.8
24,Male,180,58.4,18.0,Maintenance,2365,6,666,1266,57.7
24,Female,157,91.1,37.0,Muscle Gain,4967,4,196,3572,92.8
43,Male,171,49.3,16.9,Muscle Gain,2985,6,534,1236,50.4
57,Female,188,132.1,37.4,Maintenance,2262,2,76,890,132.5
22,Male,181,74.4,22.7,Maintenance,2635,1,62,356,74.4
38,Male,151,130.8,57.4,General Fitness,2020,3,234,1119,130.7
31,Female,152,134.5,58.2,Muscle Gain,2711,3,291,2058,135.0
21,Male,181,40.6,12.4,Maintenance,1349,7,231,6244,41.2
40,Male,185,86.4,25.2,General Fitness,3502,2,154,960,85.9
59,Male,158,42.5,17.0,Maintenance,1440,5,225,2540,42.5
37,Female,156,130.9,53.8,Maintenance,3808,1,76,436,130.8
32,Male,180,91.8,28.3,General Fitness,2611,2,110,712,91.7
46,Female,196,47.5,12.4,Muscle Gain,3562,1,99,450,48.7
25,Male,184,51.0,15.1,General Fitness,4152,3,198,1260,49.8
58,Male,161,78.4,30.2,Muscle Gain,2384,1,51,537,79.5
36,Male,184,134.0,39.6,Maintenance,1287,6,216,2532,133.5
56,Male,197,109.3,28.2,General Fitness,3055,2,142,820,108.6
45,Female,173,126.8,42.4,Weight Loss,3134,0,0,0,125.4
44,Male,171,76.6,26.2,Maintenance,1997,0,0,0,77.5
21,Female,145,44.3,21.1,General Fitness,3333,1,108,970,44.2
32,Female,196,137.4,35.8,Maintenance,2422,5,175,3470,137.1
52,Male,178,41.7,13.2,General Fitness,1073,2,106,1492,40.9
54,Male,148,134.8,61.5,Muscle Gain,2462,4,380,1528,135.4
18,Female,168,76.9,27.2,Weight Loss,4194,0,0,0,75.4
20,Female,165,41.0,15.1,Maintenance,4448,7,308,5628,41.2
41,Male,177,108.9,34.8,Weight Loss,3853,3,246,1758,105.9
44,Male,151,138.1,60.6,Muscle Gain,4214,6,684,2376,138.1
57,Male,145,136.6,65.0,General Fitness,3205,2,222,1834,136.5
53,Male,185,56.1,16.4,Weight Loss,1429,2,68,1366,55.0
51,Male,147,58.1,26.9,General Fitness,2471,6,708,4206,56.8
46,Female,188,96.6,27.3,Muscle Gain,4481,0,0,0,98.0
41,Male,195,103.7,27.3,Maintenance,4442,6,618,3306,103.2
41,Male,159,113.9,45.1,Muscle Gain,4180,6,450,4374,115.1
59,Female,175,58.1,19.0,Weight Loss,1845,4,208,1732,55.1
21,Male,198,135.9,34.7,Weight Loss,2730,7,819,5439,131.3
20,Male,160,103.9,40.6,Weight Loss,1035,6,444,5730,99.1
51,Female,154,124.7,52.6,General Fitness,2113,3,117,1824,124.6
40,Male,198,94.0,24.0,Maintenance,2020,4,332,1900,93.3
40,Female,173,81.4,27.2,Weight Loss,4021,3,297,2730,78.1
22,Male,150,137.7,61.2,Weight Loss,2438,0,0,0,136.4
48,Male,173,98.2,32.8,Weight Loss,2997,2,228,1304,96.1
58,Male,161,126.7,48.9,Muscle Gain,4065,3,183,1836,128.0
23,Female,197,135.3,34.9,Weight Loss,2319,2,144,434,133.6
54,Female,166,107.5,39.0,Muscle Gain,4913,1,44,271,108.9
27,Female,168,94.9,33.6,Weight Loss,3760,1,95,866,93.4
57,Female,161,40.4,15.6,Muscle Gain,4117,7,308,4039,41.7
24,Male,165,44.0,16.2,General Fitness,3535,0,0,0,44.1
56,Female,195,60.1,15.8,General Fitness,1618,7,343,3878,59.7
55,Female,194,58.6,15.6,Muscle Gain,1169,0,0,0,59.1
38,Female,155,65.5,27.3,Maintenance,1145,5,175,1750,65.7
37,Male,200,70.5,17.6,Maintenance,1867,0,0,0,70.6
20,Male,151,76.0,33.3,Muscle Gain,1419,1,46,279,77.0
39,Female,186,82.1,23.7,General Fitness,2995,3,165,915,81.9
21,Female,183,49.9,14.9,Muscle Gain,2713,6,306,4332,51.1
45,Male,149,44.2,19.9,Maintenance,1572,6,612,3612,44.3
29,Female,188,107.4,30.4,Muscle Gain,2959,6,558,5514,107.5
55,Female,192,93.7,25.4,General Fitness,2026,4,420,1316,94.2
53,Female,165,84.4,31.0,Maintenance,4665,6,690,2220,84.4
58,Female,162,103.4,39.4,Maintenance,2286,0,0,0,102.9
22,Male,179,122.8,38.3,Weight Loss,3846,6,696,1392,122.3
30,Male,164,82.8,30.8,Weight Loss,1320,4,264,2940,80.9
40,Male,159,104.1,41.2,Maintenance,4678,4,428,1584,103.3
47,Female,149,135.4,61.0,Maintenance,2599,1,117,245,135.6
54,Female,157,124.0,50.3,Muscle Gain,3293,5,505,2365,124.3
42,Male,195,82.6,21.7,General Fitness,2612,3,357,2826,82.2
44,Male,156,104.5,42.9,Maintenance,1476,1,57,332,104.5
31,Male,199,57.7,14.6,General Fitness,4330,0,0,0,57.7
53,Female,165,96.1,35.3,Maintenance,4164,1,78,796,96.2
56,Male,181,138.1,42.2,General Fitness,2826,1,102,566,138.5
33,Female,150,91.8,40.8,Weight Loss,1782,1,96,204,91.0
39,Female,151,132.8,58.2,Maintenance,1532,0,0,0,132.1
38,Male,170,80.7,27.9,Muscle Gain,4645,0,0,0,81.9
38,Male,186,139.9,40.4,General Fitness,2362,7,672,6335,140.3
25,Female,192,97.9,26.6,Maintenance,2947,1,70,620,98.1
33,Male,152,44.2,19.1,Weight Loss,4331,1,75,545,43.5
48,Male,153,98.7,42.2,Weight Loss,3284,4,464,1072,97.1
59,Female,171,67.5,23.1,Weight Loss,2164,7,812,6993,63.0
27,Female,148,43.2,19.7,Weight Loss,4022,3,252,1671,41.2
49,Female,165,122.1,44.8,Maintenance,2970,4,444,3548,121.5
51,Female,175,67.6,22.1,Muscle Gain,3726,5,200,2925,68.2
26,Female,165,119.7,44.0,General Fitness,4551,3,165,1572,119.9
34,Male,184,68.8,20.3,Muscle Gain,1578,7,707,6650,70.1
28,Female,169,59.4,20.8,General Fitness,2373,5,555,3400,59.4
49,Female,183,137.4,41.0,Muscle Gain,2593,3,126,1134,138.9
27,Female,159,76.2,30.1,Maintenance,2747,1,65,455,76.3
39,Male,197,100.1,25.8,Maintenance,3177,7,651,4326,99.7
34,Female,179,101.0,31.5,General Fitness,3033,7,560,2870,100.4
21,Female,193,96.0,25.8,Maintenance,4608,4,420,3752,96.1
42,Female,187,131.5,37.6,General Fitness,3058,3,153,2349,130.6
38,Male,185,107.4,31.4,Muscle Gain,1256,5,445,2830,108.6
54,Female,181,80.4,24.5,Maintenance,3863,3,93,2328,79.8
55,Female,186,126.2,36.5,Maintenance,3416,0,0,0,126.0
18,Female,191,58.1,15.9,General Fitness,3991,3,207,1239,58.0
42,Male,172,94.4,31.9,General Fitness,2417,6,342,4368,94.5
53,Male,158,135.1,54.1,General Fitness,4664,1,106,372,136.4
34,Male,148,102.5,46.8,General Fitness,4869,2,64,656,102.6
58,Male,197,121.7,31.4,Weight Loss,2442,0,0,0,120.5
41,Female,164,105.4,39.2,General Fitness,1881,2,104,1918,104.9
19,Female,178,123.9,39.1,Weight Loss,1018,7,588,1883,122.2
57,Male,156,134.4,55.2,Muscle Gain,1109,1,61,251,134.8
32,Male,177,67.3,21.5,General Fitness,2460,6,678,3816,67.8
49,Female,168,57.0,20.2,Weight Loss,3552,7,399,4039,53.3
56,Female,164,88.4,32.9,Weight Loss,2057,2,74,1940,86.8
23,Male,149,110.2,49.6,Weight Loss,2311,7,224,6650,105.9
18,Male,182,62.7,18.9,Maintenance,2867,3,354,879,63.3
40,Male,174,40.4,13.3,Weight Loss,2002,2,164,1516,40.9
56,Male,168,74.3,26.3,General Fitness,1254,4,232,3144,74.8
34,Female,187,136.9,39.1,General Fitness,1637,1,118,802,136.5
51,Male,184,109.5,32.3,General Fitness,4792,4,440,1140,109.9
58,Male,151,80.1,35.1,Weight Loss,3042,2,176,1434,78.5
46,Female,180,59.3,18.3,Weight Loss,3181,7,371,6587,54.6
26,Female,182,75.6,22.8,Maintenance,3546,6,402,3774,75.9
30,Female,160,57.0,22.3,Muscle Gain,1396,7,399,1694,57.7
23,Female,196,50.6,13.2,Maintenance,4558,7,637,6363,51.6
23,Female,159,130.7,51.7,General Fitness,2621,4,320,2276,130.9
37,Male,190,139.8,38.7,General Fitness,4658,0,0,0,140.7
20,Male,167,56.4,20.2,General Fitness,3694,2,104,1004,57.4
34,Male,156,45.5,18.7,Maintenance,4884,5,375,1905,44.8
29,Female,173,73.0,24.4,General Fitness,1684,4,476,1472,72.9
18,Male,188,86.2,24.4,General Fitness,4284,3,321,1206,86.3
34,Female,192,60.5,16.4,General Fitness,2856,2,114,1810,60.9
20,Male,159,70.1,27.7,Weight Loss,4421,6,318,4452,65.5
43,Male,173,60.1,20.1,Muscle Gain,3066,5,180,1505,61.4
32,Female,189,117.4,32.9,Weight Loss,2010,6,648,4650,114.0
53,Female,187,111.3,31.8,Weight Loss,3166,0,0,0,110.7
49,Male,193,103.5,27.8,Muscle Gain,4886,3,96,2406,104.7
49,Male,165,78.7,28.9,Muscle Gain,1301,2,62,1282,79.5
21,Male,159,130.9,51.8,Maintenance,4356,6,216,2694,130.7
35,Male,158,137.0,54.9,Muscle Gain,1226,3,327,1146,137.6
36,Male,186,57.4,16.6,Maintenance,2530,2,100,1002,57.7
60,Female,188,62.3,17.6,Maintenance,4572,2,76,958,62.7
52,Female,160,92.6,36.2,Weight Loss,2235,1,41,916,90.7
57,Female,159,49.1,19.4,General Fitness,1355,4,212,1152,49.7
31,Female,186,83.6,24.2,Weight Loss,1700,2,124,1248,81.3
50,Male,148,98.2,44.8,Weight Loss,3534,0,0,0,98.2
31,Male,171,92.2,31.5,Muscle Gain,4392,5,360,4350,93.3
51,Female,167,73.1,26.2,Muscle Gain,4734,4,444,1316,74.0
21,Male,173,94.2,31.5,Maintenance,3270,1,34,447,93.8
41,Female,185,135.9,39.7,Maintenance,4711,4,432,3404,136.6
46,Male,197,60.6,15.6,Maintenance,2783,4,400,1552,60.9
36,Male,196,105.5,27.5,Muscle Gain,2586,2,236,580,106.1
23,Male,153,44.3,18.9,Maintenance,2214,0,0,0,43.8
50,Female,197,46.6,12.0,Maintenance,4042,2,130,1874,46.5
57,Female,200,95.2,23.8,Muscle Gain,3547,6,384,2184,95.9
36,Female,196,50.5,13.1,General Fitness,4566,0,0,0,50.5
18,Female,187,42.2,12.1,Weight Loss,4308,6,702,3174,40.3
22,Male,187,57.2,16.4,Muscle Gain,2045,0,0,0,58.6
44,Male,151,96.5,42.3,Maintenance,2645,3,120,837,96.9
33,Male,197,110.3,28.4,Weight Loss,2350,2,106,736,109.8
23,Male,186,60.2,17.4,Muscle Gain,4616,7,728,5208,61.5
57,Female,148,106.8,48.8,Weight Loss,4198,7,511,2044,104.3
30,Male,149,58.2,26.2,Weight Loss,1364,6,480,4938,55.8
52,Male,149,101.3,45.6,General Fitness,4939,1,46,578,101.3
36,Male,155,81.2,33.8,Maintenance,2067,5,495,2040,80.2
29,Female,185,105.4,30.8,Muscle Gain,1518,7,798,2751,107.1
33,Female,172,139.5,47.2,Maintenance,4199,7,259,3241,140.3
60,Female,160,133.8,52.3,General Fitness,2626,4,432,1784,134.1
27,Male,185,40.4,11.8,General Fitness,4201,3,309,2487,40.2
42,Female,198,128.5,32.8,Muscle Gain,3576,6,342,3882,130.7
37,Male,174,46.6,15.4,Muscle Gain,2344,1,108,939,47.0
48,Male,148,135.3,61.8,General Fitness,3233,5,205,3600,135.4
21,Male,146,68.2,32.0,Muscle Gain,2645,5,360,4550,68.6
40,Female,190,78.2,21.7,Weight Loss,3845,2,222,1356,76.8
19,Female,147,49.2,22.8,Weight Loss,1981,0,0,0,48.1
39,Male,194,51.2,13.6,General Fitness,3395,6,702,1968,51.2
54,Male,165,112.7,41.4,Maintenance,3036,2,184,1002,112.8
25,Female,150,134.4,59.7,Muscle Gain,4552,5,460,3865,135.1
24,Female,187,101.1,28.9,Muscle Gain,1921,2,78,1426,102.4
31,Female,197,111.6,28.8,Weight Loss,4746,3,321,1677,110.0
20,Male,162,116.2,44.3,Muscle Gain,4658,6,654,3336,115.6
33,Male,188,66.3,18.8,Maintenance,4782,1,66,665,67.0
36,Male,149,44.5,20.0,Muscle Gain,4995,5,200,1855,45.4
35,Female,153,40.2,17.2,Muscle Gain,3968,6,714,5736,40.9
33,Female,164,75.1,27.9,Weight Loss,1956,7,336,2009,73.0
25,Female,172,64.1,21.7,Muscle Gain,1360,3,243,2097,65.2
50,Male,170,46.2,16.0,General Fitness,2310,1,47,282,46.2
29,Male,162,58.0,22.1,General Fitness,1181,7,427,5012,58.6
28,Female,163,52.4,19.7,Maintenance,2474,3,156,2250,52.4
22,Male,147,131.5,60.9,Maintenance,3144,4,164,2084,131.5
44,Female,153,54.0,23.1,Maintenance,1562,0,0,0,54.5
29,Male,180,93.8,29.0,Maintenance,1313,7,742,5502,93.6
34,Female,175,99.3,32.4,Weight Loss,4617,7,350,5684,95.0
23,Male,193,94.3,25.3,Muscle Gain,4002,0,0,0,95.3
50,Male,161,49.9,19.3,Weight Loss,3068,0,0,0,47.9
22,Female,199,71.9,18.2,Maintenance,4767,4,432,3320,71.4
45,Female,167,45.1,16.2,Muscle Gain,3852,5,380,4995,46.2
31,Female,178,79.6,25.1,General Fitness,3623,5,205,4100,79.6
22,Female,185,58.9,17.2,Weight Loss,4568,4,348,3016,55.7
50,Female,185,96.2,28.1,Muscle Gain,1402,0,0,0,96.9
58,Male,149,109.3,49.2,General Fitness,2147,0,0,0,108.0
36,Female,159,93.2,36.9,General Fitness,1612,1,41,928,94.0
39,Female,191,83.4,22.9,Maintenance,4190,1,52,594,82.7
22,Female,147,78.7,36.4,General Fitness,2876,7,238,2485,78.3
19,Male,163,124.2,46.7,General Fitness,2613,2,110,476,124.2
47,Female,172,61.9,20.9,Maintenance,4017,7,644,3367,62.2
56,Female,147,113.4,52.5,Muscle Gain,1692,6,486,4422,115.5
21,Female,182,115.7,34.9,Muscle Gain,2734,6,234,4458,117.0
50,Male,148,81.9,37.4,Maintenance,4548,6,690,1470,82.0
30,Male,168,69.7,24.7,Weight Loss,4006,3,204,2601,67.5
37,Female,175,87.1,28.4,Maintenance,3919,1,52,443,87.1
24,Male,189,49.3,13.8,Muscle Gain,2725,1,40,746,50.3
32,Female,189,44.6,12.5,Weight Loss,1839,1,101,649,43.5
40,Male,155,51.2,21.3,Maintenance,3150,1,77,477,51.9
31,Female,181,58.7,17.9,Muscle Gain,3380,7,315,6671,60.7
40,Male,145,90.4,43.0,Muscle Gain,4949,4,300,2420,91.6
36,Female,153,124.9,53.4,Muscle Gain,2810,2,152,1940,125.9
46,Female,161,63.6,24.5,General Fitness,4530,1,77,245,64.1
37,Male,198,133.5,34.1,General Fitness,4201,5,545,4740,133.0
46,Female,145,135.5,64.4,Weight Loss,1752,3,294,2157,132.9
41,Female,147,135.9,62.9,Weight Loss,3181,6,324,5826,132.7
35,Female,191,123.8,33.9,Weight Loss,4228,1,106,470,121.1
27,Female,170,76.4,26.4,General Fitness,3472,4,440,3020,76.0
58,Male,197,47.3,12.2,Weight Loss,2458,5,330,2185,45.2
25,Female,175,96.9,31.6,Muscle Gain,4460,6,552,2196,97.9
43,Male,170,95.9,33.2,Muscle Gain,1936,0,0,0,97.1
46,Male,167,125.0,44.8,Weight Loss,2341,7,609,5509,120.8
27,Male,174,139.6,46.1,Weight Loss,2693,0,0,0,138.1
34,Male,154,90.8,38.3,General Fitness,1504,6,690,2400,90.7
19,Female,152,74.5,32.2,Muscle Gain,3918,2,236,1890,75.5
23,Female,188,58.6,16.6,Maintenance,3237,0,0,0,57.6
22,Male,169,40.5,14.2,Maintenance,3659,1,70,645,40.7
45,Female,166,90.9,33.0,General Fitness,4482,6,474,5538,91.3
58,Male,159,95.6,37.8,General Fitness,2969,4,292,2468,95.8
22,Female,185,122.5,35.8,General Fitness,1051,2,76,706,123.0
35,Female,200,90.5,22.6,Muscle Gain,4632,5,440,2835,92.0
43,Female,154,131.6,55.5,Weight Loss,2469,1,119,924,128.8
37,Male,164,102.8,38.2,Weight Loss,3659,0,0,0,102.2
58,Male,185,124.0,36.2,General Fitness,4515,3,333,2187,124.5
44,Female,191,54.8,15.0,Muscle Gain,2405,7,616,6314,56.5
29,Male,167,125.5,45.0,Maintenance,4834,1,32,253,125.5
24,Male,197,107.5,27.7,General Fitness,3421,3,108,2781,107.0
20,Female,197,57.0,14.7,Muscle Gain,2999,5,555,1205,58.8
27,Male,145,59.0,28.1,General Fitness,4637,3,135,1644,59.0
51,Female,146,132.7,62.3,Muscle Gain,3422,5,390,2145,134.8
42,Female,163,43.2,16.3,Muscle Gain,1388,2,122,1882,44.0
52,Female,158,86.3,34.6,General Fitness,2672,4,472,3572,86.1
33,Male,152,71.3,30.9,Weight Loss,1673,0,0,0,70.9
19,Female,182,106.5,32.2,General Fitness,2889,7,336,2380,107.3
41,Female,156,124.0,51.0,Weight Loss,3851,0,0,0,123.3
27,Male,170,76.0,26.3,Weight Loss,2502,7,623,3647,73.1
55,Male,171,82.7,28.3,Maintenance,3451,1,64,793,82.5
39,Male,173,138.2,46.2,Muscle Gain,1592,6,348,3846,138.8
43,Male,159,118.4,46.8,General Fitness,4539,0,0,0,118.5
60,Female,190,129.7,35.9,Muscle Gain,3779,2,198,1530,131.2
56,Male,197,83.9,21.6,Maintenance,4668,0,0,0,84.4
44,Male,145,63.4,30.2,Weight Loss,3552,1,74,655,62.3
46,Male,187,81.2,23.2,General Fitness,1082,0,0,0,81.1
55,Male,172,111.6,37.7,Muscle Gain,3366,4,392,3696,112.4
37,Female,147,50.9,23.6,Maintenance,4138,5,595,4410,50.0
44,Male,195,67.0,17.6,Weight Loss,1413,3,192,1407,66.0
58,Female,162,44.7,17.0,Weight Loss,3500,3,144,1254,44.2
37,Male,196,83.2,21.7,Muscle Gain,3793,5,230,4235,84.4
36,Female,178,122.7,38.7,Weight Loss,1197,3,192,2238,120.7
37,Female,176,42.5,13.7,Maintenance,3306,4,424,3428,42.7
52,Male,173,107.5,35.9,Weight Loss,2712,2,214,764,107.0
19,Female,169,133.2,46.6,General Fitness,3345,1,59,277,133.5
47,Male,170,63.7,22.0,General Fitness,2303,4,308,2028,63.5
51,Female,183,109.4,32.7,Muscle Gain,1299,1,86,964,110.3
39,Female,152,137.5,59.5,Maintenance,1128,2,92,1054,137.3
20,Female,163,136.2,51.3,Weight Loss,3545,4,176,2480,134.6
23,Male,198,63.5,16.2,Weight Loss,2906,0,0,0,62.6
32,Female,191,50.0,13.7,Weight Loss,3485,6,258,4728,45.0
44,Male,186,54.8,15.8,General Fitness,2715,2,86,1322,54.9
27,Female,166,110.2,40.0,Maintenance,4363,3,222,2352,110.1
26,Female,173,112.6,37.6,Weight Loss,1206,4,268,2952,109.0
50,Female,177,107.4,34.3,Muscle Gain,3024,2,184,474,107.5
49,Female,182,73.6,22.2,Maintenance,1293,2,208,1930,73.1
23,Female,189,57.0,16.0,Maintenance,2963,4,160,2500,57.1
58,Female,190,98.1,27.2,Weight Loss,2873,3,231,2391,95.5
53,Male,179,88.4,27.6,General Fitness,3006,5,275,3165,88.7
19,Male,187,112.9,32.3,Maintenance,4758,3,288,1674,113.5
46,Male,147,84.1,38.9,Muscle Gain,3076,2,108,460,84.9
21,Female,163,73.9,27.8,Maintenance,3226,1,110,404,73.8
18,Male,154,69.3,29.2,General Fitness,3088,5,450,4520,69.0
36,Female,171,61.1,20.9,Muscle Gain,4541,7,805,6587,61.6
43,Male,159,66.6,26.3,General Fitness,2215,5,275,1900,66.8
42,Male,155,49.5,20.6,Weight Loss,3391,2,126,1912,46.8
27,Female,191,74.7,20.5,Maintenance,2772,4,476,956,75.0
32,Female,170,43.7,15.1,Muscle Gain,3863,4,152,2488,44.8
39,Male,168,58.6,20.8,General Fitness,3784,4,276,1424,58.3
38,Male,157,114.7,46.5,Weight Loss,1625,3,312,1101,113.1
39,Male,176,72.5,23.4,Muscle Gain,1277,0,0,0,74.2
53,Male,181,106.8,32.6,Maintenance,4426,4,236,3364,106.4
51,Female,148,111.7,51.0,Maintenance,1528,4,380,1124,111.8
47,Male,157,98.1,39.8,General Fitness,3133,5,295,4335,97.5
42,Female,153,135.9,58.1,Muscle Gain,2924,1,97,886,136.5
45,Female,193,42.1,11.3,Weight Loss,3364,1,87,999,40.2
18,Male,178,113.9,35.9,Weight Loss,2880,2,168,1598,111.2
21,Female,200,135.9,34.0,Weight Loss,2925,2,86,602,134.8
24,Male,181,126.2,38.5,General Fitness,1692,2,212,1918,125.6
26,Female,192,56.8,15.4,Weight Loss,2360,4,472,3668,52.7
53,Female,151,72.7,31.9,Muscle Gain,1862,1,106,288,74.2
36,Male,145,57.2,27.2,General Fitness,4216,2,212,1088,56.9
18,Female,156,100.1,41.1,Maintenance,3362,7,462,6993,100.3
27,Female,165,111.2,40.8,General Fitness,1224,1,73,509,111.0
53,Male,155,71.7,29.8,General Fitness,4494,4,140,3228,71.3
26,Female,188,94.0,26.6,General Fitness,4125,5,275,3195,94.4
59,Female,195,109.1,28.7,Muscle Gain,2917,4,172,1432,110.1
49,Male,188,82.1,23.2,Maintenance,2967,2,74,626,82.1
49,Male,188,125.4,35.5,Maintenance,2956,4,212,2940,124.1
23,Female,158,117.2,46.9,General Fitness,2839,4,460,1448,116.4
55,Female,178,46.5,14.7,General Fitness,1067,7,476,3395,47.8
34,Female,178,102.1,32.2,General Fitness,2642,1,78,254,101.5
27,Male,169,63.5,22.2,Muscle Gain,4405,0,0,0,64.8
44,Female,148,95.8,43.7,Muscle Gain,2020,7,644,1624,96.4
52,Female,196,135.7,35.3,Weight Loss,2100,3,165,2271,134.0
38,Female,199,127.9,32.3,Maintenance,2562,7,273,6510,128.4
42,Female,170,80.5,27.9,Weight Loss,3903,2,212,790,79.3
45,Female,160,69.2,27.0,Weight Loss,4226,6,522,5784,65.0
32,Female,154,63.4,26.7,General Fitness,4143,0,0,0,63.0
21,Male,189,93.3,26.1,Muscle Gain,2524,5,510,4985,94.2
46,Male,146,51.4,24.1,Weight Loss,2470,6,600,5682,48.0
26,Female,179,94.9,29.6,Weight Loss,2715,2,136,1580,92.6
44,Female,163,40.1,15.1,Weight Loss,2582,0,0,0,41.0
43,Male,150,72.4,32.2,General Fitness,4825,4,316,3228,71.6
36,Male,163,62.0,23.3,General Fitness,2382,2,90,854,61.8
45,Male,197,137.1,35.3,Muscle Gain,2300,0,0,0,137.3
34,Female,196,112.7,29.3,Weight Loss,3930,3,240,1302,110.4
60,Female,195,75.0,19.7,Weight Loss,2336,4,176,1204,72.2
58,Female,152,49.3,21.3,Muscle Gain,4176,7,826,6741,51.1
59,Female,158,91.7,36.7,Muscle Gain,4018,2,134,678,91.9
37,Male,154,61.3,25.8,Muscle Gain,4166,5,540,4270,61.2
57,Male,147,93.6,43.3,Maintenance,2242,7,826,6657,93.5
56,Male,182,123.5,37.3,Muscle Gain,2705,5,500,2325,124.8
40,Male,173,101.6,33.9,General Fitness,2901,2,238,1082,102.1
49,Female,159,103.4,40.9,Maintenance,2967,0,0,0,103.6
50,Female,167,94.1,33.7,Muscle Gain,4866,7,777,5138,94.6
22,Male,167,132.7,47.6,General Fitness,4199,7,350,5054,133.2
60,Male,162,133.2,50.8,Muscle Gain,3247,2,90,430,133.0
51,Male,190,91.3,25.3,Muscle Gain,5000,6,576,4560,91.6
57,Male,163,70.6,26.6,Maintenance,3379,4,376,2140,71.6
28,Male,172,86.0,29.1,General Fitness,3594,1,42,589,86.2
20,Female,170,58.7,20.3,Weight Loss,4937,7,651,2583,57.0
50,Female,154,103.6,43.7,Muscle Gain,2679,5,450,1590,104.9
28,Male,191,90.0,24.7,Maintenance,2315,7,427,1687,90.0
33,Male,148,50.3,23.0,General Fitness,3113,7,287,1463,50.6
35,Male,199,59.8,15.1,Muscle Gain,1730,0,0,0,60.0
47,Female,146,88.0,41.3,Weight Loss,1567,3,285,2001,85.8
27,Female,147,128.8,59.6,General Fitness,3704,7,259,1736,128.7
35,Female,151,96.6,42.4,General Fitness,3451,2,176,1952,96.8
55,Male,199,108.2,27.3,Maintenance,2748,4,216,1624,107.2
36,Female,160,73.9,28.9,Muscle Gain,2629,2,68,1756,74.3
53,Male,175,97.1,31.7,Muscle Gain,3665,3,222,2139,99.1
30,Female,154,84.7,35.7,General Fitness,1595,4,124,3116,85.2
20,Female,163,105.9,39.9,Muscle Gain,1647,3,213,1227,106.5
27,Female,172,45.1,15.2,General Fitness,3193,4,268,1352,46.0
55,Male,161,89.3,34.5,Weight Loss,3808,1,32,236,87.2
18,Male,172,69.6,23.5,Maintenance,2553,5,375,2085,70.6
44,Female,163,72.6,27.3,Muscle Gain,4473,4,204,2620,73.7
25,Male,181,136.1,41.5,Muscle Gain,1124,3,186,2133,136.7
59,Male,167,58.3,20.9,Maintenance,2537,0,0,0,58.6
34,Male,164,71.1,26.4,Weight Loss,2355,7,322,2653,68.0
26,Male,157,91.0,36.9,Weight Loss,1479,5,555,3580,87.2
23,Male,157,126.3,51.2,Weight Loss,2001,7,595,2303,123.3
60,Male,187,81.7,23.4,Weight Loss,1711,6,192,5064,77.6
42,Male,155,114.4,47.6,Weight Loss,2970,1,99,810,112.7
56,Female,192,125.6,34.1,General Fitness,4721,2,156,1742,126.1
45,Male,159,71.0,28.1,Muscle Gain,3762,1,84,947,72.6
50,Male,161,79.3,30.6,Muscle Gain,2421,1,106,858,79.9
54,Female,198,75.7,19.3,Muscle Gain,2817,2,120,1116,76.9
26,Female,194,123.3,32.8,General Fitness,1814,4,440,3304,123.6
35,Female,172,44.4,15.0,Maintenance,4101,7,350,1421,44.7
38,Female,163,70.8,26.6,Weight Loss,1055,1,45,798,69.1
19,Male,148,107.9,49.3,Maintenance,2654,7,322,5299,107.5
60,Female,166,96.5,35.0,Weight Loss,1131,5,150,1410,95.2
55,Female,166,83.6,30.3,Weight Loss,1230,7,707,2471,81.2
57,Male,199,94.0,23.7,Maintenance,1394,1,94,705,92.6
53,Male,181,59.8,18.3,Muscle Gain,4223,0,0,0,60.9
60,Male,183,83.1,24.8,General Fitness,4573,5,330,4965,82.6
54,Female,178,90.2,28.5,Maintenance,1981,0,0,0,90.2
32,Male,177,130.1,41.5,Muscle Gain,4010,5,565,4110,130.5
45,Female,188,66.1,18.7,Weight Loss,1932,3,273,2484,63.6
35,Male,186,126.8,36.7,Muscle Gain,2529,2,100,592,128.3
51,Male,184,104.4,30.8,Weight Loss,2409,5,330,2405,103.5
39,Female,177,42.0,13.4,Weight Loss,3955,5,320,4500,41.0
28,Male,156,112.5,46.2,Muscle Gain,1532,4,268,3196,113.6
30,Male,146,43.6,20.5,Weight Loss,1964,7,574,5586,40.3
21,Male,172,139.7,47.2,General Fitness,3495,4,176,2948,139.1
39,Male,154,127.3,53.7,Muscle Gain,4651,7,497,4396,129.5
24,Male,166,69.7,25.3,Maintenance,3173,3,99,2226,69.7
60,Female,161,65.7,25.3,Weight Loss,1554,4,272,1300,63.6
41,Female,170,78.1,27.0,Weight Loss,3741,6,648,5454,74.3
21,Male,147,75.6,35.0,General Fitness,3536,7,364,3500,75.2
45,Female,151,77.2,33.9,General Fitness,3659,6,264,4452,78.1
32,Female,188,71.8,20.3,Maintenance,3938,4,476,2264,71.4
18,Female,152,102.1,44.2,Weight Loss,3493,6,246,5658,97.9
20,Male,164,56.4,21.0,Maintenance,2493,7,777,1708,56.7
31,Male,156,124.6,51.2,Maintenance,4420,0,0,0,124.0
55,Male,179,121.2,37.8,Weight Loss,3555,6,666,3090,118.2
18,Female,161,87.6,33.8,Maintenance,3504,4,332,1552,87.2
55,Female,172,125.3,42.4,Maintenance,4033,4,468,1004,125.0
55,Male,185,64.7,18.9,General Fitness,4979,6,402,4578,64.7
38,Male,154,41.8,17.6,General Fitness,4823,7,399,3717,40.7
46,Female,166,101.9,37.0,Maintenance,1384,3,324,2094,102.7
22,Female,182,85.8,25.9,Weight Loss,1711,3,144,1551,83.2
27,Male,177,96.7,30.9,General Fitness,3976,7,686,4263,96.6
45,Female,166,129.9,47.1,Maintenance,2471,1,93,522,130.0
38,Female,188,137.0,38.8,Muscle Gain,4699,4,132,3160,138.2
24,Female,181,103.4,31.6,Muscle Gain,4186,4,440,3040,104.3
20,Female,157,116.4,47.2,Maintenance,3499,5,195,2145,116.6
37,Female,171,48.4,16.6,Muscle Gain,1653,4,164,2172,49.8
36,Female,159,56.1,22.2,General Fitness,2142,0,0,0,55.9
52,Female,166,113.3,41.1,Weight Loss,2116,6,216,4530,110.5
21,Male,174,83.1,27.4,Maintenance,4981,5,365,2455,83.1
22,Male,187,84.6,24.2,General Fitness,3568,4,208,2544,85.2
18,Female,184,70.9,20.9,Weight Loss,2608,0,0,0,69.8
21,Female,181,100.7,30.7,Muscle Gain,1537,1,66,418,101.4
29,Female,178,58.5,18.5,Muscle Gain,2456,5,490,3665,59.4
44,Male,188,102.7,29.1,Muscle Gain,4822,6,294,5046,103.9
59,Male,178,57.4,18.1,Muscle Gain,2897,6,714,4308,59.4
40,Female,192,46.4,12.6,General Fitness,3192,7,511,6881,46.1
42,Male,197,73.0,18.8,General Fitness,2091,7,693,4697,72.5
38,Female,179,63.1,19.7,Weight Loss,1699,2,206,1098,60.8
41,Female,186,128.9,37.3,Maintenance,2901,4,320,972,128.7
42,Female,163,45.5,17.1,Weight Loss,3178,5,545,4755,41.9
49,Female,152,57.7,25.0,Maintenance,1732,6,360,1584,57.5
49,Female,183,94.9,28.3,Muscle Gain,2304,3,210,1335,95.6
22,Female,177,88.1,28.1,Muscle Gain,2812,5,435,3920,88.9
53,Female,188,44.6,12.6,Muscle Gain,2675,3,102,810,45.3
59,Male,172,40.7,13.8,Muscle Gain,4637,4,248,3632,42.8
59,Female,181,138.8,42.4,General Fitness,1512,0,0,0,138.9
56,Male,192,105.9,28.7,Weight Loss,3687,3,144,1071,104.7
33,Female,169,76.5,26.8,Maintenance,1000,5,305,3370,75.7
50,Female,180,87.0,26.9,Maintenance,4756,7,812,1568,87.6
38,Male,161,66.7,25.7,General Fitness,2965,5,160,3910,65.6
26,Male,168,74.5,26.4,Muscle Gain,1431,6,180,2532,74.9
23,Female,165,104.9,38.5,Weight Loss,3438,7,490,2513,102.8
52,Male,146,128.3,60.2,Muscle Gain,2289,3,231,822,129.2
56,Female,175,58.4,19.1,General Fitness,1398,1,68,337,58.0
39,Female,188,124.0,35.1,Maintenance,1807,6,204,4068,123.3
58,Male,177,52.2,16.7,General Fitness,2279,1,106,752,52.7
22,Male,174,61.5,20.3,Maintenance,3442,1,40,502,61.2
59,Male,156,43.7,18.0,Weight Loss,1951,3,153,1758,41.3
40,Male,188,54.1,15.3,Maintenance,3221,3,348,2013,54.4
34,Female,156,131.7,54.1,Weight Loss,2068,5,465,2665,129.7
29,Male,195,85.9,22.6,Muscle Gain,1854,4,164,2032,88.1
40,Male,193,47.8,12.8,Muscle Gain,4212,4,328,2908,48.4
33,Male,196,136.0,35.4,General Fitness,3586,0,0,0,136.5
20,Male,168,127.9,45.3,Weight Loss,1744,7,574,5173,124.0
47,Male,168,115.5,40.9,Muscle Gain,3768,3,150,1086,116.0
39,Female,155,133.3,55.5,Weight Loss,3097,6,288,1524,132.1
26,Female,157,62.0,25.2,Muscle Gain,4132,7,686,6895,63.7
46,Male,171,123.6,42.3,Muscle Gain,1242,6,702,3924,124.5
54,Male,152,109.0,47.2,Maintenance,4340,7,707,3528,109.1
40,Female,154,127.0,53.6,General Fitness,2163,4,380,1204,127.3
30,Male,152,119.7,51.8,Maintenance,4228,4,352,3012,119.5
49,Female,164,74.6,27.7,Weight Loss,3644,1,78,974,73.1
40,Female,152,117.4,50.8,Muscle Gain,2619,1,88,587,119.0
34,Male,153,66.2,28.3,General Fitness,1275,6,312,5292,66.4
57,Female,151,72.9,32.0,Muscle Gain,4102,6,192,2442,73.4
38,Male,158,50.8,20.3,Muscle Gain,1007,1,85,514,51.3
19,Male,172,133.5,45.1,Maintenance,4863,2,174,496,132.6
54,Female,146,69.1,32.4,Weight Loss,1714,7,819,5397,64.5
23,Female,187,92.1,26.3,General Fitness,2958,4,364,2868,92.5
35,Male,152,79.1,34.2,General Fitness,3080,1,47,347,79.2
47,Female,157,136.0,55.2,General Fitness,1809,1,90,998,136.7
39,Male,165,73.5,27.0,Weight Loss,4726,3,198,1230,71.6
50,Female,191,117.9,32.3,General Fitness,4523,6,498,3426,117.6
47,Female,172,125.5,42.4,Weight Loss,2472,5,535,4305,121.2
34,Male,179,83.6,26.1,General Fitness,1927,1,94,796,83.6
60,Male,167,77.8,27.9,Muscle Gain,4978,3,129,2613,79.6
49,Male,190,114.8,31.8,Weight Loss,1861,0,0,0,113.5
59,Female,159,131.3,51.9,Maintenance,1036,1,91,873,131.0
31,Male,146,115.5,54.2,General Fitness,4730,5,150,3490,114.3
27,Male,195,62.7,16.5,Maintenance,4811,3,276,1062,62.5
53,Female,156,128.8,52.9,Weight Loss,3081,5,480,2145,125.7
51,Female,196,78.8,20.5,Muscle Gain,1454,1,49,499,79.9
26,Male,180,97.6,30.1,Maintenance,1443,0,0,0,97.4
59,Male,147,123.1,57.0,Maintenance,4308,1,114,872,122.2
45,Male,149,58.8,26.5,Muscle Gain,1211,3,213,1338,60.7
28,Male,147,118.5,54.8,Muscle Gain,4892,0,0,0,119.2
31,Female,191,99.6,27.3,Weight Loss,4211,0,0,0,98.2
56,Female,163,129.3,48.7,General Fitness,3749,0,0,0,129.0
36,Male,146,57.2,26.8,Maintenance,3655,2,136,506,56.2
32,Male,188,82.1,23.2,Maintenance,2729,3,273,1266,81.7
45,Male,181,123.3,37.6,Weight Loss,1981,2,154,1930,122.1
41,Female,198,41.9,10.7,General Fitness,3408,5,175,3895,42.5
25,Male,161,51.2,19.8,Weight Loss,3351,0,0,0,50.6
60,Male,158,139.1,55.7,Maintenance,1295,2,142,1332,139.2
26,Female,172,68.0,23.0,Maintenance,1151,1,87,956,68.6
50,Female,171,137.6,47.1,Muscle Gain,2969,2,144,1370,139.9
50,Male,198,58.3,14.9,Muscle Gain,4294,4,156,3004,60.2
36,Male,154,76.1,32.1,General Fitness,2219,5,590,3215,76.5
20,Female,147,115.3,53.4,Maintenance,1599,0,0,0,115.7
27,Male,180,105.8,32.7,Maintenance,2322,0,0,0,105.0
57,Male,182,98.1,29.6,Muscle Gain,2552,6,252,5094,99.8
59,Female,200,93.0,23.2,Weight Loss,2511,7,728,3437,89.6
18,Female,169,124.3,43.5,Weight Loss,3258,5,340,2045,121.8
46,Female,166,63.5,23.0,Maintenance,1231,5,200,4415,64.1
51,Male,192,84.2,22.8,Maintenance,3917,3,135,2688,83.8
30,Female,183,55.5,16.6,General Fitness,3742,1,62,951,55.6
18,Female,191,99.6,27.3,General Fitness,4745,6,534,2460,100.0
51,Male,174,65.1,21.5,Muscle Gain,1366,5,440,4310,66.3
46,Male,165,73.4,27.0,Maintenance,1480,6,618,3522,73.0
30,Female,174,87.1,28.8,Weight Loss,4653,5,400,2975,85.3
46,Female,172,42.7,14.4,General Fitness,1571,6,264,1938,42.2
56,Male,175,49.2,16.1,Muscle Gain,2202,3,327,2280,51.0
41,Male,196,108.6,28.3,Muscle Gain,2507,5,360,1615,109.5
43,Female,170,82.9,28.7,Weight Loss,2612,2,112,534,80.8
34,Female,187,126.5,36.2,General Fitness,4566,4,340,2696,126.8
24,Male,166,109.5,39.7,Weight Loss,2570,4,356,2228,108.1
30,Female,165,40.8,15.0,Muscle Gain,1929,4,396,3768,41.7
22,Male,145,101.7,48.4,Maintenance,2039,5,380,3275,101.9
43,Female,181,49.4,15.1,Weight Loss,3513,6,222,3270,46.7
20,Male,157,118.1,47.9,Muscle Gain,2425,4,368,2880,119.7
24,Male,165,139.2,51.1,Maintenance,3341,1,118,977,139.1
56,Female,190,93.1,25.8,Maintenance,1170,2,72,1672,93.3
18,Female,153,108.3,46.3,General Fitness,2055,4,440,3292,108.5
34,Male,161,63.7,24.6,General Fitness,3310,0,0,0,64.3
60,Female,191,83.8,23.0,Muscle Gain,2238,5,230,2635,85.3
42,Female,165,125.6,46.1,Weight Loss,3006,2,66,1058,124.3
20,Female,175,56.7,18.5,Maintenance,3605,1,55,765,57.2
32,Male,183,66.6,19.9,General Fitness,1188,4,428,2504,66.8
46,Female,198,84.5,21.6,General Fitness,1785,1,101,642,83.9
60,Female,166,111.2,40.4,Weight Loss,1582,5,490,4000,108.0
49,Male,156,77.6,31.9,General Fitness,4049,4,136,1176,78.4
43,Female,199,132.8,33.5,Muscle Gain,2831,0,0,0,134.6
33,Female,150,49.4,22.0,Weight Loss,1599,2,196,1300,47.8
42,Male,197,77.1,19.9,Maintenance,1845,6,192,3096,76.9
45,Male,160,110.9,43.3,Muscle Gain,4332,0,0,0,111.9
26,Female,170,62.6,21.7,Maintenance,3029,4,120,3508,63.1
18,Female,149,105.6,47.6,Maintenance,2205,3,111,2814,104.8
46,Male,153,56.4,24.1,General Fitness,4576,7,294,5929,56.2
39,Male,190,45.6,12.6,Muscle Gain,3389,2,226,1552,46.4
33,Female,184,52.1,15.4,Muscle Gain,1953,1,99,204,53.3
58,Female,158,133.0,53.3,Weight Loss,3069,4,316,3324,130.4
58,Female,188,95.2,26.9,Muscle Gain,2097,0,0,0,95.8
24,Male,186,119.6,34.6,Weight Loss,2625,5,295,4650,116.1
31,Female,174,73.3,24.2,Muscle Gain,2870,6,414,4524,74.5
46,Male,196,99.3,25.8,Maintenance,1165,3,324,1161,99.7
36,Male,196,89.5,23.3,Weight Loss,3024,6,618,1350,87.4
36,Male,170,134.6,46.6,Muscle Gain,1233,5,310,4890,135.3
19,Female,197,114.8,29.6,Weight Loss,2398,4,408,1444,114.3
58,Female,189,113.1,31.7,General Fitness,2456,7,567,6608,112.6
32,Female,173,44.6,14.9,General Fitness,1640,1,62,329,44.6
20,Male,163,95.0,35.8,Weight Loss,2357,0,0,0,93.9
28,Female,191,86.7,23.8,Weight Loss,2827,2,214,1218,85.4
47,Male,152,132.8,57.5,Maintenance,1606,3,198,2517,132.9
57,Male,167,65.7,23.6,Muscle Gain,1539,4,396,3148,66.3
35,Male,197,67.0,17.3,General Fitness,4937,4,392,1088,67.1
19,Male,186,81.1,23.4,General Fitness,4106,4,132,1728,80.7
49,Male,179,64.3,20.1,Muscle Gain,2467,4,356,1220,65.0
25,Male,175,52.9,17.3,General Fitness,4302,0,0,0,53.0
39,Female,197,125.7,32.4,General Fitness,3365,2,206,1660,126.3
23,Male,179,95.8,29.9,Weight Loss,1342,1,60,249,94.0
29,Female,176,126.1,40.7,General Fitness,4501,3,129,2163,125.3
57,Male,149,123.1,55.4,General Fitness,4947,6,636,4944,123.9
53,Female,160,68.2,26.6,General Fitness,4026,7,623,4487,68.3
32,Female,161,94.8,36.6,Muscle Gain,1636,4,388,3908,95.6
45,Female,176,48.3,15.6,Maintenance,4537,5,275,3945,48.3
35,Female,182,131.5,39.7,Weight Loss,1078,4,212,940,129.1
19,Male,176,80.4,26.0,Maintenance,3940,2,170,802,80.6
30,Male,196,79.4,20.7,General Fitness,3620,2,76,634,79.7
32,Male,164,70.3,26.1,General Fitness,3496,7,448,6307,70.8
37,Male,192,86.1,23.4,General Fitness,4800,0,0,0,85.3
46,Female,200,65.2,16.3,Maintenance,3329,0,0,0,65.4
59,Female,146,77.5,36.4,Muscle Gain,3722,5,300,3555,78.8
46,Female,164,120.0,44.6,Muscle Gain,3104,5,560,2145,121.5
20,Male,191,123.4,33.8,Weight Loss,1190,0,0,0,122.1
36,Female,162,70.4,26.8,Maintenance,1643,3,285,1047,69.9
20,Male,145,86.9,41.3,Muscle Gain,2486,5,350,2035,87.5
31,Female,173,127.4,42.6,Weight Loss,3089,0,0,0,127.0
57,Female,173,45.3,15.1,General Fitness,2509,4,252,1264,45.8
21,Female,163,128.9,48.5,General Fitness,4244,0,0,0,128.9
28,Female,188,61.9,17.5,Weight Loss,3726,6,672,1482,60.1
48,Female,184,107.9,31.9,Muscle Gain,4321,3,156,1941,108.0
60,Male,150,98.3,43.7,Maintenance,4581,0,0,0,98.4
49,Female,188,95.3,27.0,Weight Loss,3549,0,0,0,95.1
44,Male,183,125.9,37.6,Muscle Gain,2216,4,396,1968,127.4
47,Male,194,50.2,13.3,Weight Loss,1789,5,435,3120,46.7
60,Male,198,74.7,19.1,Muscle Gain,4978,4,352,2864,75.3
19,Male,190,93.8,26.0,General Fitness,3797,6,330,4866,92.1
26,Male,152,121.1,52.4,Weight Loss,1741,6,306,2424,117.9
45,Male,168,61.6,21.8,Maintenance,3212,7,819,2653,62.7
48,Male,164,120.3,44.7,Weight Loss,3802,4,276,2912,117.6
51,Male,198,80.0,20.4,General Fitness,1089,0,0,0,80.1
32,Female,158,58.9,23.6,General Fitness,2714,4,160,2796,58.3
42,Female,149,115.9,52.2,Muscle Gain,1986,2,76,614,117.3
53,Male,185,49.1,14.3,General Fitness,4129,1,41,389,48.9
25,Male,184,91.5,27.0,Muscle Gain,4334,1,55,379,92.7
26,Male,178,46.4,14.6,General Fitness,1647,4,268,3840,46.0
54,Female,160,75.6,29.5,Muscle Gain,3797,5,160,4810,76.1
56,Female,189,100.1,28.0,Maintenance,1818,3,132,657,101.0
49,Male,151,95.6,41.9,Muscle Gain,1242,6,456,3348,96.5
34,Male,160,80.5,31.4,Muscle Gain,3710,4,136,3232,81.9
52,Female,151,82.9,36.4,Maintenance,3905,5,415,4665,82.9
54,Female,171,62.7,21.4,Muscle Gain,2899,4,212,3420,63.4
36,Male,158,85.6,34.3,Muscle Gain,4830,0,0,0,87.7
46,Male,158,135.3,54.2,Maintenance,1218,6,372,3126,136.3
24,Male,188,125.0,35.4,General Fitness,1008,6,696,2802,124.8
45,Male,177,54.5,17.4,Weight Loss,1429,5,515,3130,52.4
26,Female,177,43.0,13.7,Muscle Gain,4877,6,516,2970,42.8
45,Female,188,133.4,37.7,General Fitness,4950,3,243,2136,132.2
23,Male,164,92.7,34.5,Weight Loss,1012,4,372,3076,89.2
46,Male,197,93.8,24.2,Maintenance,2798,2,144,1172,92.9
34,Male,191,118.1,32.4,Muscle Gain,3954,5,550,2315,118.4
33,Female,180,71.5,22.1,Muscle Gain,4017,1,73,289,72.1
40,Male,151,88.2,38.7,Maintenance,4296,5,595,3435,88.1
48,Male,176,136.9,44.2,Muscle Gain,4814,7,826,5502,138.0
20,Male,192,107.2,29.1,Weight Loss,1689,2,130,920,106.2
38,Female,147,55.4,25.6,Weight Loss,2782,6,246,4122,51.1
43,Male,183,53.3,15.9,Maintenance,4138,7,595,6951,53.3
53,Female,173,60.4,20.2,Muscle Gain,4880,2,64,1080,60.7
59,Male,168,116.7,41.3,General Fitness,4740,6,474,3168,116.2
54,Male,166,69.5,25.2,Muscle Gain,1676,2,116,1200,70.6
39,Male,150,42.1,18.7,Maintenance,4574,3,351,1668,41.4
59,Female,192,134.4,36.5,General Fitness,3231,3,336,2862,134.0
29,Male,168,57.0,20.2,Weight Loss,2004,5,530,3490,53.5
59,Male,184,41.0,12.1,Weight Loss,1207,7,315,4438,41.8
30,Female,167,63.7,22.8,General Fitness,3575,3,207,954,64.0
28,Female,198,63.5,16.2,General Fitness,2323,1,56,246,62.7
33,Female,182,82.2,24.8,Maintenance,3865,7,693,2569,82.2
25,Male,154,132.0,55.7,Muscle Gain,2002,6,426,3282,132.9
57,Female,160,127.9,50.0,Weight Loss,4312,0,0,0,125.8
57,Male,155,85.7,35.7,Muscle Gain,3502,5,195,3690,86.4
19,Female,176,81.1,26.2,Weight Loss,2765,4,268,1980,79.2
47,Female,189,95.5,26.7,Muscle Gain,3949,4,148,2848,96.5
47,Female,150,64.3,28.6,Weight Loss,2553,5,235,1865,61.8
29,Male,168,45.2,16.0,Muscle Gain,2682,0,0,0,45.7
27,Male,177,133.9,42.7,Maintenance,3291,4,348,3512,134.4
28,Male,197,58.7,15.1,Weight Loss,4634,5,475,3645,55.7
32,Male,195,59.8,15.7,Maintenance,2985,5,365,4010,58.9
33,Male,156,87.2,35.8,Weight Loss,1770,2,226,1004,85.5
34,Male,200,89.2,22.3,Weight Loss,1237,1,103,401,87.5
43,Male,171,41.8,14.3,Weight Loss,4317,7,266,5124,41.2
19,Male,182,54.8,16.5,Muscle Gain,3392,4,308,1420,56.2
29,Male,162,77.8,29.6,Weight Loss,4555,1,68,213,76.9
43,Female,189,108.4,30.3,Maintenance,3357,6,708,1314,107.6
40,Female,183,62.8,18.8,Muscle Gain,2584,5,590,4775,64.2
35,Male,199,82.3,20.8,Muscle Gain,2307,0,0,0,82.7
49,Male,157,95.7,38.8,Weight Loss,3085,5,175,1860,92.7
55,Male,197,128.9,33.2,General Fitness,2819,4,236,2576,128.5
20,Male,184,72.6,21.4,Muscle Gain,1031,1,103,321,74.9
55,Female,174,53.4,17.6,Weight Loss,4314,2,94,1392,51.2
20,Female,197,88.9,22.9,Maintenance,4624,7,504,2681,88.5
47,Male,193,114.7,30.8,General Fitness,1291,2,124,1558,114.9
18,Female,185,51.0,14.9,Muscle Gain,4686,5,410,4350,52.3
47,Female,196,82.5,21.5,General Fitness,1291,0,0,0,82.5
49,Male,157,41.8,17.0,Muscle Gain,2642,6,288,2280,41.6
45,Male,178,43.4,13.7,General Fitness,3805,7,812,4151,43.9
38,Male,180,88.3,27.3,General Fitness,2405,3,294,1776,88.3
30,Male,174,69.8,23.1,Maintenance,4670,4,220,2188,70.2
44,Female,169,124.5,43.6,General Fitness,1577,5,290,3375,124.5
53,Male,146,100.2,47.0,Maintenance,2161,2,106,680,101.2
24,Female,180,85.4,26.4,Weight Loss,4909,2,70,1458,84.6
39,Male,162,80.8,30.8,Muscle Gain,2223,0,0,0,81.5
27,Female,149,89.7,40.4,Maintenance,4406,2,136,1566,88.8
56,Male,163,44.0,16.6,Muscle Gain,3652,4,132,2680,44.4
32,Male,186,129.3,37.4,Maintenance,1446,0,0,0,129.2
32,Female,162,139.8,53.3,Muscle Gain,4419,1,77,972,140.1
21,Female,176,58.1,18.8,Maintenance,1277,0,0,0,58.1
49,Female,165,52.0,19.1,Muscle Gain,4041,6,330,2052,53.2
40,Male,154,54.4,22.9,Weight Loss,3579,4,432,3624,51.5
23,Female,181,106.1,32.4,Muscle Gain,2824,6,636,2070,106.8
41,Female,193,106.1,28.5,Weight Loss,2422,4,276,1972,104.5
37,Female,166,124.8,45.3,Weight Loss,4462,1,115,737,124.0
54,Female,157,115.2,46.7,Weight Loss,1983,5,530,3540,112.5
37,Female,199,85.0,21.5,General Fitness,3649,0,0,0,85.0
29,Female,161,101.3,39.1,Muscle Gain,3609,4,272,3080,101.3
50,Female,153,108.8,46.5,General Fitness,4081,4,440,3052,108.7
45,Female,168,91.3,32.3,General Fitness,3638,1,68,616,91.7
25,Female,188,87.6,24.8,Muscle Gain,2572,3,231,2580,88.0
18,Male,158,104.5,41.9,Weight Loss,1058,0,0,0,103.0
54,Male,190,95.7,26.5,General Fitness,4159,7,441,3619,95.2
39,Female,152,104.4,45.2,General Fitness,1458,4,200,1032,104.3
23,Male,199,101.3,25.6,Maintenance,1103,2,108,914,101.7
38,Male,181,111.9,34.2,Muscle Gain,1830,1,118,992,112.9
49,Female,163,104.3,39.3,General Fitness,1788,3,153,1872,103.7
52,Female,172,92.0,31.1,Muscle Gain,3151,3,156,2190,93.3
32,Female,190,108.2,30.0,Muscle Gain,4325,1,54,365,109.5
22,Female,185,84.9,24.8,General Fitness,1741,3,321,672,85.5
23,Female,174,64.2,21.2,Muscle Gain,4406,4,428,812,65.3
42,Female,151,40.1,17.6,Weight Loss,4534,3,165,606,40.3
57,Male,170,96.0,33.2,General Fitness,2572,0,0,0,95.0
46,Female,184,99.1,29.3,General Fitness,3348,7,833,3927,98.0
24,Male,190,137.2,38.0,General Fitness,3701,2,134,1136,136.7
57,Female,198,76.1,19.4,Maintenance,1554,7,805,5166,76.2
30,Female,190,79.4,22.0,Maintenance,1627,7,441,3815,78.6
55,Male,155,60.2,25.1,Maintenance,4412,4,472,3720,59.5
35,Female,158,47.1,18.9,Maintenance,4563,1,106,243,47.5
19,Female,165,117.3,43.1,General Fitness,2107,2,204,1846,117.2
25,Male,152,65.0,28.1,Weight Loss,3976,5,220,3815,61.9
28,Female,147,100.9,46.7,Muscle Gain,4330,4,292,1408,102.3
50,Male,172,108.8,36.8,Muscle Gain,3407,2,78,802,109.3
55,Female,173,87.1,29.1,General Fitness,3134,3,198,1560,87.3
44,Female,167,127.6,45.8,Weight Loss,1427,5,180,3315,124.1
37,Male,162,84.4,32.2,Muscle Gain,3414,1,61,210,86.1
29,Female,179,68.5,21.4,Weight Loss,3390,1,40,779,67.1
60,Male,157,129.6,52.6,General Fitness,3394,7,539,2982,130.2
48,Male,156,126.2,51.9,Maintenance,2826,0,0,0,125.6
44,Male,191,56.4,15.5,Weight Loss,2944,3,231,1596,54.6
49,Female,194,42.6,11.3,Muscle Gain,3143,7,518,4676,43.2
27,Female,149,49.0,22.1,Muscle Gain,4326,0,0,0,49.7
20,Male,183,68.7,20.5,Muscle Gain,2877,0,0,0,70.2
44,Female,155,137.2,57.1,Maintenance,2159,3,228,1587,138.3
52,Female,155,95.9,39.9,Weight Loss,2271,4,476,1052,94.8
48,Female,191,77.3,21.2,Weight Loss,4570,5,410,2145,74.9
32,Male,186,128.9,37.3,Muscle Gain,1883,6,360,1260,129.3
33,Female,191,85.3,23.4,Weight Loss,1485,0,0,0,84.1
30,Male,175,71.5,23.3,Muscle Gain,2425,2,112,846,72.3
52,Female,175,134.1,43.8,Weight Loss,1603,5,590,4680,130.4
28,Female,157,125.0,50.7,Maintenance,1411,4,308,3344,124.4
38,Male,158,124.4,49.8,Maintenance,2994,7,455,6013,124.1
28,Female,193,91.2,24.5,General Fitness,2931,3,234,2817,92.0
47,Male,189,118.9,33.3,General Fitness,3495,1,60,741,119.0
52,Female,186,57.9,16.7,General Fitness,1246,4,292,2820,58.3
39,Male,169,97.3,34.1,Weight Loss,3817,7,616,5047,92.3
55,Female,177,138.4,44.2,Maintenance,3746,0,0,0,138.5
48,Female,177,69.1,22.1,Maintenance,3468,2,194,1794,69.4
31,Female,159,119.4,47.2,Maintenance,3171,7,497,6426,119.4
41,Male,160,89.0,34.8,Muscle Gain,4331,5,355,4830,89.5
49,Male,188,44.0,12.4,Weight Loss,4240,3,126,1068,42.3
53,Male,200,116.3,29.1,Weight Loss,3988,1,30,840,114.6
49,Female,182,56.9,17.2,General Fitness,3924,5,525,3845,57.0
32,Male,150,103.1,45.8,Muscle Gain,4182,2,164,1208,103.7
60,Male,188,48.6,13.8,Muscle Gain,4361,6,414,3588,49.5
52,Male,169,134.7,47.2,Maintenance,2622,1,119,906,134.2
20,Male,159,69.2,27.4,General Fitness,3060,3,225,1806,68.0
33,Male,148,62.6,28.6,Weight Loss,4334,5,580,3935,59.4
22,Male,200,52.9,13.2,Muscle Gain,1799,4,204,1152,53.8
38,Male,148,134.6,61.4,Maintenance,4094,0,0,0,135.5
27,Male,174,111.2,36.7,Weight Loss,1944,3,171,1155,110.5
36,Male,178,114.2,36.0,Maintenance,3247,7,574,6853,114.0
42,Male,171,89.9,30.7,Weight Loss,2265,2,184,556,88.8
21,Female,175,87.5,28.6,Maintenance,2262,4,184,1376,87.7
46,Female,200,51.0,12.8,Weight Loss,3350,5,465,4200,46.7
36,Male,176,96.0,31.0,General Fitness,2188,1,35,213,97.1
60,Female,188,64.7,18.3,Weight Loss,3785,4,172,3320,62.5
19,Female,183,137.7,41.1,Weight Loss,1175,4,184,804,136.7
27,Male,196,119.7,31.2,Weight Loss,2052,2,134,1430,119.4
60,Male,153,81.3,34.7,Maintenance,3724,0,0,0,81.4
42,Male,185,55.1,16.1,Muscle Gain,3582,6,252,1590,56.5
37,Female,152,118.5,51.3,Weight Loss,2317,7,574,3115,115.9
36,Male,158,52.2,20.9,Weight Loss,1476,7,266,5607,48.2
40,Female,177,58.9,18.8,General Fitness,3430,4,292,2516,59.3
41,Male,167,61.2,21.9,Weight Loss,3603,4,220,3556,58.8
28,Female,165,95.7,35.2,General Fitness,4844,0,0,0,97.0
51,Female,199,118.7,30.0,Weight Loss,2715,0,0,0,118.3
45,Male,156,71.4,29.3,Maintenance,4367,1,77,635,71.7
22,Male,146,48.5,22.8,Muscle Gain,2674,5,550,2760,49.1
22,Female,157,86.5,35.1,Muscle Gain,1333,7,763,6209,87.5
38,Female,148,114.8,52.4,Muscle Gain,2271,1,59,878,116.8
29,Male,164,62.2,23.1,Maintenance,2264,0,0,0,62.4
21,Male,194,62.0,16.5,General Fitness,4177,6,642,5454,61.9
59,Female,195,134.7,35.4,Muscle Gain,3945,3,324,777,135.8
37,Male,192,135.4,36.7,Maintenance,1930,0,0,0,135.3
55,Female,158,139.0,55.7,Maintenance,1684,1,104,610,139.2
42,Male,174,120.8,39.9,Weight Loss,1560,2,196,564,120.1
31,Male,173,58.8,19.6,General Fitness,1122,2,80,546,58.2
28,Male,152,61.2,26.5,Maintenance,2058,5,560,2550,61.9
49,Female,156,74.0,30.4,General Fitness,3665,4,220,2612,74.2
28,Male,185,71.8,21.0,Muscle Gain,4035,6,330,1350,72.9
35,Female,182,135.7,41.0,Muscle Gain,1839,2,92,1250,136.0
44,Male,170,118.9,41.1,Muscle Gain,1415,1,112,576,120.8
35,Female,194,112.4,29.9,Weight Loss,1707,2,146,884,110.3
40,Female,146,58.6,27.5,Weight Loss,4692,6,678,4962,54.0
28,Male,199,131.0,33.1,General Fitness,3684,6,312,3132,131.1
38,Female,184,122.8,36.3,General Fitness,4398,3,162,1137,122.7
22,Female,200,56.4,14.1,Weight Loss,4366,0,0,0,55.6
40,Female,158,127.1,50.9,Maintenance,4503,0,0,0,126.9
58,Female,150,67.2,29.9,General Fitness,1346,1,94,465,66.3
42,Male,186,48.1,13.9,General Fitness,3084,4,124,2996,48.6
58,Male,184,105.7,31.2,Muscle Gain,2723,6,618,3474,106.1
27,Male,175,105.4,34.4,General Fitness,3559,0,0,0,104.6
39,Female,161,49.5,19.1,General Fitness,1848,7,826,5691,49.2
36,Female,169,71.9,25.2,Maintenance,4971,2,206,1446,72.1
18,Male,176,139.3,45.0,General Fitness,1534,6,504,1488,140.1
24,Male,156,107.8,44.3,Maintenance,3957,3,237,1359,107.1
21,Female,193,113.0,30.3,Muscle Gain,3820,7,658,4053,113.5
18,Male,157,61.3,24.9,Weight Loss,2729,4,244,1792,58.5
32,Male,163,47.9,18.0,Muscle Gain,2901,4,264,1084,48.4
57,Female,188,67.7,19.2,Maintenance,1663,4,420,2584,67.8
29,Male,192,64.9,17.6,Maintenance,2041,7,777,4935,65.5
39,Female,169,63.5,22.2,General Fitness,1026,0,0,0,63.3
39,Male,175,59.3,19.4,General Fitness,3583,5,415,2260,59.5
34,Female,181,97.5,29.8,Weight Loss,2052,4,128,1992,95.6
46,Female,169,72.8,25.5,Maintenance,2674,7,798,6531,73.0
31,Female,160,122.0,47.7,Maintenance,4055,7,497,1813,122.1
37,Female,182,58.4,17.6,Muscle Gain,3705,1,107,556,60.3
50,Female,187,86.5,24.7,Weight Loss,2658,2,138,712,84.8
60,Male,193,41.4,11.1,Muscle Gain,1639,5,515,2705,41.6
32,Male,167,88.2,31.6,General Fitness,4951,3,285,1203,88.1
29,Male,158,45.6,18.3,General Fitness,4188,2,178,1956,45.2
57,Female,150,137.8,61.2,Muscle Gain,4203,1,40,234,139.1
37,Male,169,119.1,41.7,General Fitness,4360,1,30,966,118.6
47,Female,167,89.0,31.9,Muscle Gain,2741,6,330,4404,89.9
55,Female,187,48.7,13.9,Maintenance,4307,5,355,3275,49.4
20,Male,156,99.2,40.8,Maintenance,1041,2,182,728,98.7
45,Female,157,115.9,47.0,General Fitness,4231,0,0,0,116.5
43,Male,180,59.1,18.2,Weight Loss,4835,6,636,3426,57.4
47,Female,183,96.8,28.9,Maintenance,2714,1,114,513,96.9
30,Female,178,121.4,38.3,General Fitness,4196,4,364,3056,121.5
30,Male,150,116.8,51.9,Weight Loss,4331,3,309,1449,115.2
19,Female,182,120.3,36.3,General Fitness,4347,7,287,3479,120.5
54,Male,194,127.9,34.0,Muscle Gain,3260,3,168,2022,129.3
55,Female,196,133.8,34.8,General Fitness,2986,1,96,796,133.6
19,Male,184,80.6,23.8,Muscle Gain,4544,4,228,2192,81.0
53,Female,152,96.9,41.9,Maintenance,3883,2,190,1670,96.5
43,Male,152,119.1,51.5,Maintenance,1701,7,399,4508,118.5
28,Male,184,109.7,32.4,General Fitness,4641,3,150,1218,110.1
25,Female,177,139.6,44.6,Weight Loss,2454,4,144,2464,137.7
57,Male,178,41.4,13.1,General Fitness,4786,4,172,2552,41.2
60,Female,188,75.5,21.4,General Fitness,3127,0,0,0,75.4
39,Female,159,68.1,26.9,Maintenance,4002,1,102,758,68.0
37,Male,180,66.2,20.4,Maintenance,2251,4,464,2476,65.4
25,Male,179,62.3,19.4,General Fitness,3949,6,546,3420,61.6
46,Male,190,110.9,30.7,Maintenance,4166,2,82,1734,111.0
57,Male,166,48.5,17.6,Muscle Gain,3471,3,201,1395,49.9
43,Male,167,114.2,40.9,General Fitness,2996,6,522,2868,114.1
47,Female,184,109.3,32.3,Maintenance,1918,0,0,0,109.5
34,Male,189,65.1,18.2,General Fitness,3563,2,136,1432,65.6
37,Female,199,65.3,16.5,Maintenance,1164,3,345,843,65.4
33,Male,195,102.9,27.1,Muscle Gain,2449,1,33,318,103.6
60,Male,166,116.2,42.2,Muscle Gain,4044,2,154,1946,117.0
24,Male,149,127.6,57.5,General Fitness,4883,7,252,5852,127.4
33,Female,175,125.2,40.9,Muscle Gain,4040,3,267,1506,126.9
44,Male,157,136.5,55.4,Muscle Gain,3940,0,0,0,138.4
40,Female,172,98.1,33.2,Maintenance,4063,7,259,1589,97.6
41,Female,164,130.9,48.7,General Fitness,2065,6,522,5880,131.5
26,Female,177,120.9,38.6,Maintenance,2820,3,258,2091,120.2
52,Male,160,129.5,50.6,Maintenance,3788,7,448,5152,130.0
37,Female,173,41.2,13.8,Weight Loss,4474,4,408,2872,41.4
54,Male,167,136.6,49.0,Muscle Gain,3802,0,0,0,137.5
59,Female,168,87.4,31.0,Maintenance,4795,2,136,1582,87.0
34,Male,178,119.8,37.8,Maintenance,3463,7,791,4487,119.1
48,Female,151,52.7,23.1,Maintenance,4371,5,250,1175,53.1
25,Male,182,79.6,24.0,Muscle Gain,4126,7,532,3199,80.4
32,Male,181,67.1,20.5,Muscle Gain,1335,1,112,312,67.5
48,Male,148,69.2,31.6,Muscle Gain,2924,6,186,2958,69.9
47,Female,178,52.3,16.5,General Fitness,1880,0,0,0,52.2
37,Female,186,120.6,34.9,Maintenance,2453,6,354,1278,121.4
56,Male,166,40.9,14.8,Muscle Gain,1971,0,0,0,41.8
29,Female,149,71.3,32.1,Maintenance,3732,0,0,0,70.7
34,Female,194,57.4,15.3,General Fitness,4860,3,207,1017,57.4
59,Female,186,98.9,28.6,Weight Loss,4405,7,742,3990,95.6
47,Female,167,65.4,23.5,General Fitness,3788,4,212,2504,66.0
46,Female,198,65.9,16.8,Muscle Gain,4477,5,355,1480,66.9
36,Female,159,88.8,35.1,Muscle Gain,1029,1,57,896,89.3
28,Female,175,105.3,34.4,General Fitness,4606,7,560,4809,105.8
51,Male,153,52.1,22.3,Maintenance,2540,6,306,3246,52.2
24,Male,187,57.6,16.5,Muscle Gain,1574,1,118,691,57.9
51,Female,197,64.7,16.7,Muscle Gain,1220,4,428,2796,65.8
37,Male,169,137.4,48.1,General Fitness,1826,3,309,1893,137.5
55,Male,169,79.7,27.9,Maintenance,3013,3,309,1164,80.6
41,Male,193,99.9,26.8,General Fitness,3641,4,148,1124,99.2
27,Female,165,64.2,23.6,General Fitness,2517,6,258,2274,64.6
49,Female,153,89.0,38.0,Maintenance,1753,4,296,2456,88.2
32,Female,199,47.4,12.0,Maintenance,2276,2,134,608,47.2
54,Female,192,43.5,11.8,Weight Loss,2587,3,183,1740,41.3
37,Female,182,86.9,26.2,General Fitness,4392,6,546,5526,86.6
20,Male,166,79.9,29.0,Maintenance,4110,0,0,0,80.2
54,Female,187,53.7,15.4,Muscle Gain,2020,7,791,3136,55.1
57,Male,167,108.8,39.0,Weight Loss,2488,1,90,271,106.9
25,Female,193,139.3,37.4,General Fitness,4842,3,126,2616,139.1
57,Male,148,79.6,36.3,Maintenance,2961,4,464,1328,79.3
40,Female,173,102.5,34.2,Weight Loss,2862,0,0,0,101.3
57,Female,159,136.3,53.9,Weight Loss,4482,7,763,1939,134.2
28,Female,145,123.2,58.6,Muscle Gain,4483,7,532,5383,123.8
25,Female,198,86.4,22.0,Weight Loss,3539,7,581,4620,82.8
46,Female,174,113.7,37.6,General Fitness,1437,2,200,648,113.3
47,Female,173,52.8,17.6,Maintenance,1478,5,405,1050,52.3
27,Male,164,91.2,33.9,Weight Loss,1782,2,202,1334,89.6
56,Female,177,67.9,21.7,Weight Loss,3996,0,0,0,66.8
45,Male,185,56.1,16.4,General Fitness,2007,7,364,1582,56.5
53,Female,188,82.6,23.4,Muscle Gain,1071,6,618,2436,83.7
30,Male,180,53.1,16.4,Muscle Gain,1581,6,354,2526,54.8
49,Male,166,109.9,39.9,Maintenance,1219,0,0,0,109.3
53,Male,157,85.6,34.7,General Fitness,2027,6,384,3486,85.8
54,Male,151,93.1,40.8,Muscle Gain,4933,4,224,3844,94.2
43,Male,152,54.6,23.6,Maintenance,4050,6,576,3084,54.5
39,Male,172,54.0,18.3,Maintenance,4984,5,380,2035,54.4
21,Female,189,98.3,27.5,Muscle Gain,1289,4,316,3280,98.5
48,Male,187,138.5,39.6,General Fitness,1379,1,37,495,138.2
35,Female,153,49.6,21.2,Weight Loss,4973,6,504,3606,46.4
55,Female,169,68.6,24.0,Muscle Gain,3851,5,530,3170,70.0
41,Male,200,126.9,31.7,Weight Loss,2378,5,355,3860,123.9
40,Male,160,47.2,18.4,Weight Loss,3790,1,96,321,46.0
39,Female,154,127.6,53.8,General Fitness,2958,2,98,1900,127.3
19,Male,155,92.4,38.5,General Fitness,3127,0,0,0,92.8
48,Male,175,80.8,26.4,Maintenance,1065,2,128,1980,81.1
28,Male,156,71.0,29.2,General Fitness,3183,6,636,1410,70.8
45,Male,175,69.7,22.8,Maintenance,1398,6,294,4494,69.3
49,Male,158,70.6,28.3,Muscle Gain,4774,4,212,1084,71.9
22,Male,195,128.5,33.8,Weight Loss,1346,3,258,2301,126.8
55,Male,188,112.4,31.8,General Fitness,4919,6,504,2196,112.8
27,Female,176,107.0,34.5,Muscle Gain,2984,6,228,2520,108.2
57,Male,194,119.9,31.9,Maintenance,3106,4,472,1100,119.9
41,Female,197,65.7,16.9,General Fitness,1777,3,135,2763,67.4
52,Female,161,101.8,39.3,Weight Loss,3566,7,588,2870,97.7
40,Female,179,86.0,26.8,Muscle Gain,2903,7,707,2989,86.3
34,Female,145,118.2,56.2,General Fitness,3761,7,609,6552,119.1
18,Male,173,70.9,23.7,General Fitness,4915,0,0,0,70.9
48,Female,195,104.3,27.4,Muscle Gain,4024,0,0,0,106.1
48,Female,148,128.2,58.5,Maintenance,4308,7,819,4802,128.2
59,Female,167,80.2,28.8,Maintenance,4851,5,390,4335,79.2
59,Female,172,46.7,15.8,General Fitness,1078,0,0,0,47.1
51,Female,160,91.6,35.8,Maintenance,2581,1,108,860,92.9
26,Male,156,74.6,30.7,Maintenance,2778,1,111,990,74.8
39,Male,197,107.2,27.6,Muscle Gain,4871,7,252,4823,107.7
30,Female,165,135.1,49.6,Maintenance,4743,3,318,1725,135.3
42,Male,189,88.6,24.8,Maintenance,3162,2,224,860,88.7
35,Male,161,86.6,33.4,Muscle Gain,1985,5,490,4505,88.4
29,Female,184,105.5,31.2,General Fitness,2485,2,238,848,105.5
57,Female,157,50.3,20.4,General Fitness,2649,3,93,2022,49.7
34,Female,196,65.4,17.0,Muscle Gain,3173,1,62,776,66.6
32,Male,176,131.9,42.6,Weight Loss,2625,4,308,3276,128.2
59,Female,181,107.0,32.7,Muscle Gain,3620,6,396,1674,108.2
32,Male,194,41.3,11.0,Weight Loss,1964,7,826,5908,41.7
32,Male,159,60.5,23.9,Maintenance,3547,5,590,4425,61.4
56,Male,156,108.3,44.5,General Fitness,1828,3,177,2325,107.6
30,Female,193,116.4,31.2,Weight Loss,4173,2,140,818,114.1
34,Male,159,124.0,49.0,Weight Loss,3673,3,99,1488,121.7
49,Female,178,69.2,21.8,Maintenance,2197,3,336,2427,68.6
26,Female,150,133.1,59.2,General Fitness,3499,0,0,0,132.6
57,Female,161,95.3,36.8,Maintenance,4163,7,371,2016,95.4
37,Female,192,109.7,29.8,General Fitness,2718,1,79,425,110.4
43,Female,193,99.7,26.8,General Fitness,3432,5,330,1710,99.4
44,Male,164,52.3,19.4,Maintenance,2228,0,0,0,51.8
38,Male,153,136.3,58.2,Weight Loss,3410,1,54,890,135.1
35,Male,149,52.3,23.6,Muscle Gain,4778,7,420,1771,53.0
30,Male,167,65.5,23.5,General Fitness,2840,3,201,1185,65.2
33,Male,177,121.4,38.8,General Fitness,1497,1,87,928,121.2
26,Female,182,101.9,30.8,Muscle Gain,1536,2,164,1376,103.3
29,Female,200,123.8,31.0,Muscle Gain,4305,7,553,3479,125.1
55,Male,158,91.6,36.7,Maintenance,3063,5,165,3145,92.2
36,Male,161,77.7,30.0,General Fitness,4028,7,567,5152,78.5
24,Male,163,132.2,49.8,Maintenance,2164,7,420,5446,133.0
52,Female,177,43.6,13.9,Muscle Gain,2971,0,0,0,45.3
35,Female,145,125.6,59.7,Maintenance,3667,5,535,3495,125.1
33,Female,157,63.1,25.6,General Fitness,4491,3,129,2469,63.0
56,Male,190,124.9,34.6,Weight Loss,4527,2,60,810,123.7
21,Male,171,53.9,18.4,Weight Loss,1299,1,72,336,52.5
42,Male,150,98.0,43.6,General Fitness,3386,6,528,3642,97.2
49,Male,150,128.8,57.2,Maintenance,1302,1,90,478,128.5
57,Female,177,87.4,27.9,Muscle Gain,4963,2,140,1288,87.4
30,Male,174,114.7,37.9,Muscle Gain,1591,6,282,5256,115.3
34,Male,190,120.5,33.4,Weight Loss,1075,1,89,470,119.3
54,Male,179,113.6,35.5,Maintenance,4859,0,0,0,113.6
23,Female,167,132.5,47.5,Muscle Gain,1913,4,432,1708,133.3
36,Female,154,84.7,35.7,Muscle Gain,1779,1,88,326,85.2
30,Male,195,57.3,15.1,General Fitness,4695,3,213,1407,56.2
43,Female,163,44.8,16.9,Maintenance,1920,1,109,959,45.3
31,Female,195,64.6,17.0,Maintenance,4387,5,325,3430,65.0
48,Female,172,54.3,18.4,Muscle Gain,2523,3,207,2241,54.8
21,Female,167,95.8,34.4,Maintenance,4146,1,59,354,96.1
56,Female,148,58.5,26.7,Maintenance,2749,1,116,856,59.2
25,Male,164,43.9,16.3,Maintenance,3035,7,280,6797,44.2
42,Male,163,43.6,16.4,General Fitness,3413,3,162,654,43.3
30,Male,186,123.2,35.6,Muscle Gain,4617,0,0,0,123.7
49,Female,171,99.1,33.9,Weight Loss,3700,6,480,1542,97.2
55,Female,178,75.8,23.9,Maintenance,2005,6,432,3732,76.1
55,Female,148,129.4,59.1,Muscle Gain,2701,4,380,3896,130.1
45,Female,200,47.0,11.8,Weight Loss,3443,4,304,2988,43.5
47,Male,182,138.0,41.7,General Fitness,4302,6,318,5532,137.9
20,Male,151,101.6,44.6,Muscle Gain,1803,0,0,0,103.2
45,Male,192,58.3,15.8,General Fitness,2051,1,66,301,58.8
20,Male,151,107.9,47.3,Muscle Gain,4546,4,340,1100,108.8
51,Male,194,116.3,30.9,General Fitness,4366,0,0,0,116.1
33,Male,196,82.9,21.6,Muscle Gain,3892,0,0,0,83.8
39,Female,170,126.2,43.7,General Fitness,4498,4,300,3732,126.2
49,Female,170,55.1,19.1,Weight Loss,1871,6,342,2100,53.0
55,Male,198,67.9,17.3,Muscle Gain,4162,3,243,2955,68.7
25,Female,163,49.3,18.6,Weight Loss,1114,2,88,1272,47.4
25,Male,153,61.1,26.1,Maintenance,4230,6,444,5934,61.2
23,Male,164,63.9,23.8,Weight Loss,4329,3,261,801,63.4
31,Female,186,131.8,38.1,Muscle Gain,1372,6,576,2604,133.4
49,Male,189,47.8,13.4,Weight Loss,1849,1,102,914,46.3
52,Male,194,82.7,22.0,Muscle Gain,3137,3,303,2832,83.3
27,Male,160,93.2,36.4,General Fitness,1756,5,510,4370,92.8
20,Female,198,129.9,33.1,Maintenance,2321,2,220,594,129.8
29,Female,161,139.8,53.9,Weight Loss,1030,6,420,1248,137.5
48,Female,166,115.3,41.8,Maintenance,2852,7,658,4921,114.5
46,Female,157,137.1,55.6,Weight Loss,3405,2,138,1920,134.7
22,Male,156,118.7,48.8,Muscle Gain,4895,0,0,0,119.8
42,Female,154,136.3,57.5,Weight Loss,3517,5,520,3130,133.5
58,Female,145,110.7,52.7,Maintenance,4811,1,57,426,110.8
48,Female,176,48.0,15.5,Weight Loss,4922,0,0,0,46.1
38,Male,174,80.2,26.5,Maintenance,4199,3,330,2358,80.0
37,Female,152,104.7,45.3,Maintenance,2805,3,348,648,105.3
56,Female,165,75.1,27.6,Muscle Gain,3317,4,188,3048,76.0
39,Male,166,67.3,24.4,General Fitness,4569,0,0,0,67.0
21,Male,162,97.7,37.2,General Fitness,2436,5,280,4525,97.9
30,Male,146,133.4,62.6,Weight Loss,3256,0,0,0,132.4
59,Male,192,43.5,11.8,Maintenance,1689,0,0,0,43.8
37,Female,188,116.9,33.1,Muscle Gain,4377,0,0,0,118.2
30,Male,153,112.3,48.0,General Fitness,2214,2,112,1964,112.3
34,Female,147,136.4,63.1,Muscle Gain,4428,4,424,2344,136.9
53,Female,198,133.1,34.0,Muscle Gain,1456,6,498,5208,134.0
50,Female,170,116.2,40.2,Maintenance,1448,1,36,453,117.2
18,Female,165,92.0,33.8,Weight Loss,1067,1,119,507,90.8
32,Female,174,60.4,19.9,Maintenance,2862,7,749,3591,60.4
30,Male,172,94.5,31.9,General Fitness,2802,1,56,500,94.3
34,Female,180,116.5,36.0,General Fitness,2805,7,616,2219,117.1
41,Female,170,129.6,44.8,Muscle Gain,1873,2,202,498,130.4
25,Female,178,119.0,37.6,Maintenance,1466,4,240,3956,119.7
44,Male,152,59.5,25.8,Maintenance,4431,5,485,3815,59.6
40,Female,154,100.0,42.2,Muscle Gain,4458,4,132,1520,101.3
25,Female,192,73.2,19.9,Weight Loss,1127,7,329,5194,68.9
25,Male,199,40.9,10.3,Muscle Gain,2799,2,184,1052,41.7
43,Female,187,60.0,17.2,Muscle Gain,1732,5,580,3510,60.7
30,Female,194,51.3,13.6,General Fitness,4825,0,0,0,50.9
56,Male,198,124.3,31.7,Maintenance,4556,3,243,1335,123.7
54,Female,158,65.9,26.4,General Fitness,2267,0,0,0,65.6
45,Female,184,68.5,20.2,Muscle Gain,2928,1,92,742,69.1
42,Female,199,136.0,34.3,Maintenance,2042,0,0,0,137.0
33,Female,159,77.9,30.8,Muscle Gain,2419,2,82,858,78.9
19,Female,161,41.0,15.8,Muscle Gain,4738,1,37,587,41.4
35,Male,197,68.4,17.6,Weight Loss,4300,3,153,2424,65.5
34,Male,162,51.9,19.8,General Fitness,1367,5,350,3890,51.8
47,Male,176,50.3,16.2,General Fitness,3105,7,490,6321,49.7
56,Female,182,47.7,14.4,Muscle Gain,4352,7,770,2870,48.3
30,Female,167,99.3,35.6,Weight Loss,3604,5,430,4240,96.4
49,Female,190,58.9,16.3,Muscle Gain,4173,7,427,4403,59.9
46,Male,167,76.1,27.3,Muscle Gain,3095,1,84,538,77.0
47,Female,179,126.2,39.4,Muscle Gain,3609,6,210,2298,128.1
35,Female,183,82.4,24.6,Weight Loss,3640,6,408,1530,80.7
30,Female,159,131.6,52.1,Maintenance,1811,0,0,0,130.6
60,Male,197,89.8,23.1,Weight Loss,1058,6,366,2886,86.2
38,Male,168,79.9,28.3,Muscle Gain,1160,7,455,5397,80.5
47,Female,172,115.0,38.9,Maintenance,1102,4,180,1308,115.2
38,Female,160,47.3,18.5,Muscle Gain,1845,4,164,3664,48.7
34,Female,160,48.9,19.1,Weight Loss,1411,5,350,4625,44.9
57,Male,184,105.2,31.1,Weight Loss,1785,4,384,3352,103.6
36,Male,183,88.7,26.5,Maintenance,1182,1,87,707,88.1
32,Male,150,119.0,52.9,Weight Loss,3464,4,152,3132,116.4
26,Female,146,131.6,61.7,Muscle Gain,4187,2,92,830,132.5
27,Male,198,78.8,20.1,Maintenance,4945,5,170,1445,79.4
48,Female,157,99.6,40.4,General Fitness,3046,3,165,1539,100.2
40,Female,188,90.1,25.5,Muscle Gain,3446,4,456,1728,91.0
47,Male,191,138.2,37.9,General Fitness,1956,2,60,1888,138.0
50,Female,153,123.1,52.6,Maintenance,3826,2,60,1548,123.2
26,Male,178,131.2,41.4,Maintenance,4747,1,64,446,131.6
18,Female,161,65.4,25.2,Muscle Gain,3702,5,190,3205,66.2
52,Female,171,117.3,40.1,Weight Loss,1436,1,116,334,116.4
28,Male,173,66.5,22.2,Muscle Gain,3365,3,201,603,68.3
51,Female,181,60.9,18.6,Weight Loss,2839,3,99,1080,58.7
33,Female,187,134.4,38.4,Weight Loss,1605,7,567,2373,132.7
26,Female,166,41.9,15.2,Muscle Gain,4321,0,0,0,42.0
49,Female,195,136.5,35.9,Maintenance,3958,3,102,1977,135.9
32,Female,168,54.9,19.5,Muscle Gain,2470,5,385,4565,56.8
29,Female,151,121.9,53.5,General Fitness,1496,6,696,1944,122.1
50,Female,178,67.6,21.3,Maintenance,2366,6,552,3276,67.7
31,Female,192,75.1,20.4,Weight Loss,3474,5,335,3965,72.8
25,Male,156,61.7,25.4,Maintenance,3865,7,567,3661,61.5
25,Male,167,98.6,35.4,Muscle Gain,2851,7,812,4242,99.3
44,Female,159,74.8,29.6,Maintenance,2022,1,75,668,74.5
29,Female,177,105.7,33.7,Weight Loss,3287,2,222,726,104.0
18,Male,157,41.6,16.9,Weight Loss,4130,0,0,0,40.9
60,Female,167,46.4,16.6,Maintenance,4598,6,474,2472,46.2
57,Male,182,50.0,15.1,General Fitness,3844,7,721,2436,50.3
59,Male,176,81.9,26.4,Weight Loss,3250,6,570,4698,78.6
28,Male,189,121.5,34.0,General Fitness,2772,3,318,906,122.3
56,Female,194,128.8,34.2,Weight Loss,2489,2,134,764,128.2
60,Female,179,64.5,20.1,Maintenance,2319,1,56,704,64.7
48,Female,145,97.4,46.3,Weight Loss,3334,7,343,6265,93.0
34,Male,191,116.8,32.0,General Fitness,3120,4,364,2896,117.2
50,Male,189,68.9,19.3,General Fitness,3773,0,0,0,68.5
49,Male,149,80.9,36.4,Maintenance,4594,5,225,4715,80.9
46,Female,157,92.4,37.5,General Fitness,1336,2,216,1722,92.8
38,Male,198,53.5,13.6,General Fitness,4808,1,42,974,53.7
38,Male,149,42.6,19.2,Maintenance,4389,1,49,223,42.3
57,Female,176,55.3,17.9,Weight Loss,1202,0,0,0,53.8
40,Male,195,102.7,27.0,Maintenance,1230,0,0,0,102.5
23,Male,165,47.4,17.4,Weight Loss,3951,7,252,1743,45.4
39,Female,168,59.0,20.9,Weight Loss,4634,3,348,2682,56.1
55,Female,162,73.8,28.1,Weight Loss,4128,3,351,675,72.0
54,Male,165,47.8,17.6,Muscle Gain,3691,5,290,4245,50.0
25,Female,198,59.2,15.1,Weight Loss,4491,5,170,1050,56.7
58,Male,154,131.1,55.3,Maintenance,3962,7,448,2107,131.5
52,Female,168,41.9,14.8,Maintenance,3327,0,0,0,42.0
28,Male,184,105.3,31.1,Maintenance,1808,0,0,0,105.5
41,Female,191,78.4,21.5,Muscle Gain,2328,2,198,1610,79.5
38,Male,165,107.3,39.4,General Fitness,1465,3,348,2913,107.2
19,Female,169,98.9,34.6,Muscle Gain,3784,1,103,969,100.3
57,Female,196,62.3,16.2,Maintenance,2197,6,216,2196,62.9
36,Female,167,124.7,44.7,Maintenance,1803,6,438,5520,125.1
56,Female,166,89.2,32.4,General Fitness,1265,6,606,3636,89.4
45,Female,148,122.3,55.8,Muscle Gain,3294,7,294,1708,123.3
34,Female,178,80.6,25.4,Maintenance,3125,3,333,2748,81.1
23,Female,200,138.5,34.6,Weight Loss,2670,3,321,1674,136.9
36,Male,150,117.0,52.0,Weight Loss,4723,0,0,0,115.8
55,Male,172,136.6,46.2,Maintenance,3901,6,402,2904,136.9
45,Female,175,91.4,29.8,Weight Loss,3300,0,0,0,91.6
19,Female,179,87.4,27.3,General Fitness,3522,3,249,1950,88.0
55,Male,183,115.5,34.5,Maintenance,1175,4,292,3244,114.8
54,Male,186,128.0,37.0,Muscle Gain,2444,4,168,2572,128.2
21,Female,167,136.4,48.9,Maintenance,4018,5,270,2935,136.3
39,Male,150,72.5,32.2,General Fitness,2595,3,159,1665,73.5
43,Male,160,119.9,46.8,Muscle Gain,4532,6,348,5898,120.9
60,Female,146,61.1,28.7,General Fitness,4935,7,693,4368,61.1
53,Female,168,94.6,33.5,Weight Loss,1253,4,188,820,94.1
30,Female,161,58.0,22.4,Weight Loss,2543,7,238,5271,54.3
49,Male,189,74.7,20.9,Weight Loss,1902,7,329,4480,71.1
34,Female,145,133.1,63.3,General Fitness,3154,5,460,2775,133.4
58,Female,150,54.6,24.3,General Fitness,2194,5,330,4820,54.1
53,Male,149,103.2,46.5,Maintenance,3105,3,300,2361,103.9
36,Female,189,99.3,27.8,Muscle Gain,2360,5,420,3765,100.0
52,Male,199,52.1,13.2,Muscle Gain,4413,0,0,0,53.2
57,Male,194,72.6,19.3,General Fitness,3989,0,0,0,72.9
45,Male,173,96.3,32.2,General Fitness,4361,0,0,0,95.7
18,Male,156,58.7,24.1,Weight Loss,1083,1,86,641,56.9
59,Male,183,120.1,35.9,General Fitness,2140,7,525,6230,120.5
35,Male,191,137.2,37.6,Weight Loss,1711,0,0,0,136.4
57,Female,147,61.5,28.5,General Fitness,2557,6,318,2844,61.4
50,Female,192,58.7,15.9,Muscle Gain,4290,0,0,0,59.5
29,Female,145,85.5,40.7,Maintenance,2761,3,123,1245,85.6
25,Male,171,114.8,39.3,General Fitness,2940,4,152,3060,115.0
41,Female,192,68.2,18.5,Weight Loss,2806,6,306,4746,64.6
33,Male,168,42.0,14.9,Maintenance,1900,4,184,1572,42.5
21,Female,188,94.1,26.6,Weight Loss,4173,0,0,0,92.3
55,Male,163,135.7,51.1,Weight Loss,1656,7,532,1484,133.7
44,Female,152,79.1,34.2,Maintenance,3503,0,0,0,79.9
26,Male,199,82.0,20.7,Maintenance,1658,0,0,0,81.3
33,Female,188,136.9,38.7,Maintenance,3820,5,310,2975,137.0
29,Male,191,109.5,30.0,General Fitness,3838,3,132,2853,109.4
48,Female,146,111.9,52.5,Maintenance,1850,3,168,1407,111.6
41,Male,174,96.3,31.8,General Fitness,3573,7,630,3479,96.2
31,Female,174,137.5,45.4,Muscle Gain,3313,3,291,2430,138.8
42,Female,193,108.9,29.2,Muscle Gain,4358,4,444,3724,109.7
51,Female,183,129.5,38.7,Weight Loss,1140,6,684,4890,126.1
20,Male,189,109.9,30.8,Weight Loss,3942,6,462,3786,107.0
41,Male,176,113.5,36.6,General Fitness,3453,1,37,607,112.8
59,Male,145,69.0,32.8,Weight Loss,3340,4,140,1056,67.4
26,Male,182,70.3,21.2,Muscle Gain,2929,3,276,2568,71.3
43,Male,157,118.3,48.0,General Fitness,2054,7,791,1659,117.7
37,Female,155,69.7,29.0,General Fitness,4242,2,62,454,69.7
57,Male,154,96.3,40.6,Maintenance,3402,1,51,488,96.0
27,Female,192,64.9,17.6,General Fitness,3252,0,0,0,64.7
36,Female,170,121.7,42.1,Weight Loss,2501,5,175,1625,119.3
20,Male,200,51.1,12.8,Muscle Gain,4041,4,396,2332,52.2
41,Female,199,122.9,31.0,Weight Loss,3338,5,210,2625,120.9
22,Male,164,100.3,37.3,Muscle Gain,1110,1,30,284,101.4
20,Male,161,58.7,22.6,Maintenance,2091,7,357,6636,58.9
44,Male,161,94.2,36.3,Muscle Gain,2718,6,318,2670,95.2
33,Female,148,68.2,31.1,Maintenance,3420,7,651,4109,67.7
32,Male,149,72.3,32.6,Weight Loss,1195,2,140,930,71.3
52,Male,167,75.2,27.0,Maintenance,1125,1,51,960,74.6
29,Male,190,46.3,12.8,General Fitness,4758,4,360,1616,46.9
58,Female,196,138.6,36.1,General Fitness,1261,3,123,1281,137.7
43,Male,154,43.2,18.2,Muscle Gain,3934,0,0,0,44.1
51,Female,190,106.2,29.4,Weight Loss,1923,3,99,816,105.9
40,Female,172,77.1,26.1,Weight Loss,2821,3,336,2610,74.5
48,Male,177,104.6,33.4,Muscle Gain,3202,7,763,4109,104.9
37,Female,187,75.6,21.6,General Fitness,2604,4,164,2308,75.5
29,Female,170,107.4,37.2,Maintenance,1107,3,186,1233,107.4
40,Male,199,112.9,28.5,Muscle Gain,4494,7,350,5929,113.7
21,Male,194,109.1,29.0,Maintenance,3082,3,306,2982,109.3
40,Male,192,51.4,13.9,Maintenance,4942,4,404,3500,51.1
18,Female,173,105.7,35.3,Weight Loss,4115,7,791,5936,101.1
42,Male,171,68.0,23.3,General Fitness,1654,4,412,1480,67.5
19,Female,162,42.9,16.3,Maintenance,3770,2,206,702,42.1
47,Female,184,81.5,24.1,General Fitness,3013,3,303,2628,81.5
20,Female,154,83.4,35.2,Weight Loss,1997,1,81,303,81.6
38,Female,186,86.7,25.1,Muscle Gain,3463,6,456,2526,88.1
42,Female,149,110.5,49.8,Muscle Gain,4047,0,0,0,111.2
37,Male,154,70.9,29.9,Weight Loss,1284,5,380,2935,67.6
39,Male,194,71.5,19.0,Weight Loss,2470,0,0,0,69.4
38,Female,165,46.1,16.9,Maintenance,3565,4,168,1312,46.1
50,Female,168,108.7,38.5,Weight Loss,4801,7,511,4221,106.2
55,Male,182,96.8,29.2,Muscle Gain,1026,5,320,2095,98.1
32,Male,147,74.9,34.7,General Fitness,3274,4,232,1488,75.7
32,Female,184,110.5,32.6,General Fitness,4867,6,510,4026,111.3
42,Female,175,93.7,30.6,General Fitness,4972,7,238,4564,93.4
38,Male,185,86.9,25.4,General Fitness,4496,6,576,4842,86.5
41,Male,181,91.1,27.8,Weight Loss,2591,2,164,1402,88.6
22,Female,146,103.6,48.6,Weight Loss,2391,3,267,753,102.6
23,Male,146,106.0,49.7,General Fitness,4381,4,140,1172,106.1
60,Male,183,68.9,20.6,Weight Loss,1847,6,462,4650,65.7
40,Female,193,54.1,14.5,Maintenance,2128,4,436,880,55.0
21,Female,186,55.7,16.1,Weight Loss,1017,0,0,0,54.5
44,Female,188,103.9,29.4,Maintenance,4276,3,141,1197,103.4
35,Male,178,127.3,40.2,Maintenance,3090,2,80,1102,126.7
